config,target,metric,value,baseline_value,ratio
baseline,fixture:pure-rust-aarch64,compile_s,0.431,0.431,1.0
baseline,fixture:pure-rust-aarch64,obj_bytes,9536.0,9536.0,1.0
baseline,fixture:pure-rust-aarch64,text_bytes,6697.0,6697.0,1.0
baseline,fixture:pure-rust-aarch64,insns,1640.0,1640.0,1.0
baseline,fixture:pure-rust-aarch64,ldr_sp,217.0,217.0,1.0
baseline,fixture:pure-rust-aarch64,str_sp,223.0,223.0,1.0
baseline,fixture:pure-rust-aarch64,ldp_sp,0.0,0.0,
baseline,fixture:pure-rust-aarch64,stp_sp,0.0,0.0,
baseline,fixture:pure-rust-aarch64,mov_imm,484.0,484.0,1.0
baseline,fixture:pure-rust-aarch64,objects,1.0,1.0,1.0
baseline,fixture:pure-rust-aarch64,correct,1.0,1.0,1.0
baseline,fixture:pure-rust-aarch64,run_median_s,0.000979,0.000979,1.0
baseline,fixture:pure-rust-aarch64,run_min_s,0.000657,0.000657,1.0
baseline,fixture:structs-aarch64,compile_s,0.126,0.126,1.0
baseline,fixture:structs-aarch64,obj_bytes,2040.0,2040.0,1.0
baseline,fixture:structs-aarch64,text_bytes,624.0,624.0,1.0
baseline,fixture:structs-aarch64,insns,156.0,156.0,1.0
baseline,fixture:structs-aarch64,ldr_sp,18.0,18.0,1.0
baseline,fixture:structs-aarch64,str_sp,12.0,12.0,1.0
baseline,fixture:structs-aarch64,ldp_sp,0.0,0.0,
baseline,fixture:structs-aarch64,stp_sp,0.0,0.0,
baseline,fixture:structs-aarch64,mov_imm,51.0,51.0,1.0
baseline,fixture:structs-aarch64,objects,1.0,1.0,1.0
baseline,fixture:structs-aarch64,correct,1.0,1.0,1.0
baseline,fixture:structs-aarch64,run_median_s,0.000734,0.000734,1.0
baseline,fixture:structs-aarch64,run_min_s,0.000622,0.000622,1.0
baseline,fixture:hello-world-aarch64,compile_s,0.133,0.133,1.0
baseline,fixture:hello-world-aarch64,obj_bytes,1728.0,1728.0,1.0
baseline,fixture:hello-world-aarch64,text_bytes,351.0,351.0,1.0
baseline,fixture:hello-world-aarch64,insns,85.0,85.0,1.0
baseline,fixture:hello-world-aarch64,ldr_sp,13.0,13.0,1.0
baseline,fixture:hello-world-aarch64,str_sp,13.0,13.0,1.0
baseline,fixture:hello-world-aarch64,ldp_sp,0.0,0.0,
baseline,fixture:hello-world-aarch64,stp_sp,0.0,0.0,
baseline,fixture:hello-world-aarch64,mov_imm,8.0,8.0,1.0
baseline,fixture:hello-world-aarch64,objects,1.0,1.0,1.0
baseline,fixture:hello-world-aarch64,correct,1.0,1.0,1.0
baseline,fixture:hello-world-aarch64,run_median_s,0.000756,0.000756,1.0
baseline,fixture:hello-world-aarch64,run_min_s,0.000674,0.000674,1.0
baseline,fixture:fp-aarch64,compile_s,1.657,1.657,1.0
baseline,fixture:fp-aarch64,obj_bytes,37696.0,37696.0,1.0
baseline,fixture:fp-aarch64,text_bytes,31243.0,31243.0,1.0
baseline,fixture:fp-aarch64,insns,7643.0,7643.0,1.0
baseline,fixture:fp-aarch64,ldr_sp,1666.0,1666.0,1.0
baseline,fixture:fp-aarch64,str_sp,1625.0,1625.0,1.0
baseline,fixture:fp-aarch64,ldp_sp,0.0,0.0,
baseline,fixture:fp-aarch64,stp_sp,0.0,0.0,
baseline,fixture:fp-aarch64,mov_imm,1113.0,1113.0,1.0
baseline,fixture:fp-aarch64,objects,1.0,1.0,1.0
baseline,fixture:fp-aarch64,correct,1.0,1.0,1.0
baseline,fixture:fp-aarch64,run_median_s,0.000918,0.000918,1.0
baseline,fixture:fp-aarch64,run_min_s,0.000589,0.000589,1.0
baseline,fixture:int128-aarch64,compile_s,5.803,5.803,1.0
baseline,fixture:int128-aarch64,obj_bytes,103648.0,103648.0,1.0
baseline,fixture:int128-aarch64,text_bytes,89437.0,89437.0,1.0
baseline,fixture:int128-aarch64,insns,21824.0,21824.0,1.0
baseline,fixture:int128-aarch64,ldr_sp,4438.0,4438.0,1.0
baseline,fixture:int128-aarch64,str_sp,4422.0,4422.0,1.0
baseline,fixture:int128-aarch64,ldp_sp,0.0,0.0,
baseline,fixture:int128-aarch64,stp_sp,0.0,0.0,
baseline,fixture:int128-aarch64,mov_imm,4073.0,4073.0,1.0
baseline,fixture:int128-aarch64,objects,1.0,1.0,1.0
baseline,fixture:int128-aarch64,correct,1.0,1.0,1.0
baseline,fixture:int128-aarch64,run_median_s,0.000889,0.000889,1.0
baseline,fixture:int128-aarch64,run_min_s,0.000699,0.000699,1.0
baseline,fixture:hashmap-aarch64,compile_s,8.322,8.322,1.0
baseline,fixture:hashmap-aarch64,obj_bytes,147512.0,147512.0,1.0
baseline,fixture:hashmap-aarch64,text_bytes,132321.0,132321.0,1.0
baseline,fixture:hashmap-aarch64,insns,32976.0,32976.0,1.0
baseline,fixture:hashmap-aarch64,ldr_sp,6960.0,6960.0,1.0
baseline,fixture:hashmap-aarch64,str_sp,6227.0,6227.0,1.0
baseline,fixture:hashmap-aarch64,ldp_sp,0.0,0.0,
baseline,fixture:hashmap-aarch64,stp_sp,0.0,0.0,
baseline,fixture:hashmap-aarch64,mov_imm,6599.0,6599.0,1.0
baseline,fixture:hashmap-aarch64,objects,1.0,1.0,1.0
baseline,fixture:hashmap-aarch64,correct,1.0,1.0,1.0
baseline,fixture:hashmap-aarch64,run_median_s,0.000939,0.000939,1.0
baseline,fixture:hashmap-aarch64,run_min_s,0.000606,0.000606,1.0
baseline,fixture:itoa-aarch64,compile_s,1.318,1.318,1.0
baseline,fixture:itoa-aarch64,obj_bytes,22872.0,22872.0,1.0
baseline,fixture:itoa-aarch64,text_bytes,19071.0,19071.0,1.0
baseline,fixture:itoa-aarch64,insns,4653.0,4653.0,1.0
baseline,fixture:itoa-aarch64,ldr_sp,1018.0,1018.0,1.0
baseline,fixture:itoa-aarch64,str_sp,700.0,700.0,1.0
baseline,fixture:itoa-aarch64,ldp_sp,0.0,0.0,
baseline,fixture:itoa-aarch64,stp_sp,0.0,0.0,
baseline,fixture:itoa-aarch64,mov_imm,700.0,700.0,1.0
baseline,fixture:itoa-aarch64,objects,1.0,1.0,1.0
baseline,fixture:itoa-aarch64,correct,1.0,1.0,1.0
baseline,fixture:itoa-aarch64,run_median_s,0.000862,0.000862,1.0
baseline,fixture:itoa-aarch64,run_min_s,0.000581,0.000581,1.0
baseline,fixture:oc-course,compile_s,0.169,0.169,1.0
baseline,fixture:oc-course,obj_bytes,1992.0,1992.0,1.0
baseline,fixture:oc-course,text_bytes,559.0,559.0,1.0
baseline,fixture:oc-course,insns,137.0,137.0,1.0
baseline,fixture:oc-course,ldr_sp,25.0,25.0,1.0
baseline,fixture:oc-course,str_sp,22.0,22.0,1.0
baseline,fixture:oc-course,ldp_sp,0.0,0.0,
baseline,fixture:oc-course,stp_sp,0.0,0.0,
baseline,fixture:oc-course,mov_imm,14.0,14.0,1.0
baseline,fixture:oc-course,objects,1.0,1.0,1.0
baseline,fixture:oc-course,correct,1.0,1.0,1.0
baseline,fixture:oc-course,run_median_s,0.000702,0.000702,1.0
baseline,fixture:oc-course,run_min_s,0.000573,0.000573,1.0
baseline,fixture:stdin-aarch64,compile_s,8.256,8.256,1.0
baseline,fixture:stdin-aarch64,obj_bytes,52592.0,52592.0,1.0
baseline,fixture:stdin-aarch64,text_bytes,45428.0,45428.0,1.0
baseline,fixture:stdin-aarch64,insns,11192.0,11192.0,1.0
baseline,fixture:stdin-aarch64,ldr_sp,1981.0,1981.0,1.0
baseline,fixture:stdin-aarch64,str_sp,1785.0,1785.0,1.0
baseline,fixture:stdin-aarch64,ldp_sp,0.0,0.0,
baseline,fixture:stdin-aarch64,stp_sp,0.0,0.0,
baseline,fixture:stdin-aarch64,mov_imm,2623.0,2623.0,1.0
baseline,fixture:stdin-aarch64,objects,1.0,1.0,1.0
baseline,fixture:stdin-aarch64,correct,1.0,1.0,1.0
baseline,fixture:stdin-aarch64,run_median_s,0.000971,0.000971,1.0
baseline,fixture:stdin-aarch64,run_min_s,0.000608,0.000608,1.0
baseline,fixture:sudoku-aarch64,compile_s,1.324,1.324,1.0
baseline,fixture:sudoku-aarch64,obj_bytes,14408.0,14408.0,1.0
baseline,fixture:sudoku-aarch64,text_bytes,12472.0,12472.0,1.0
baseline,fixture:sudoku-aarch64,insns,3094.0,3094.0,1.0
baseline,fixture:sudoku-aarch64,ldr_sp,666.0,666.0,1.0
baseline,fixture:sudoku-aarch64,str_sp,677.0,677.0,1.0
baseline,fixture:sudoku-aarch64,ldp_sp,0.0,0.0,
baseline,fixture:sudoku-aarch64,stp_sp,0.0,0.0,
baseline,fixture:sudoku-aarch64,mov_imm,491.0,491.0,1.0
baseline,fixture:sudoku-aarch64,objects,1.0,1.0,1.0
baseline,fixture:sudoku-aarch64,correct,1.0,1.0,1.0
baseline,fixture:sudoku-aarch64,run_median_s,0.001844,0.001844,1.0
baseline,fixture:sudoku-aarch64,run_min_s,0.00163,0.00163,1.0
baseline,fixture:sudoku-solver,compile_s,14.612,14.612,1.0
baseline,fixture:sudoku-solver,obj_bytes,108592.0,108592.0,1.0
baseline,fixture:sudoku-solver,text_bytes,100724.0,100724.0,1.0
baseline,fixture:sudoku-solver,insns,24792.0,24792.0,1.0
baseline,fixture:sudoku-solver,ldr_sp,5614.0,5614.0,1.0
baseline,fixture:sudoku-solver,str_sp,4956.0,4956.0,1.0
baseline,fixture:sudoku-solver,ldp_sp,0.0,0.0,
baseline,fixture:sudoku-solver,stp_sp,0.0,0.0,
baseline,fixture:sudoku-solver,mov_imm,4404.0,4404.0,1.0
baseline,fixture:sudoku-solver,objects,1.0,1.0,1.0
baseline,fixture:sudoku-solver,correct,1.0,1.0,1.0
baseline,fixture:sudoku-solver,run_median_s,0.00091,0.00091,1.0
baseline,fixture:sudoku-solver,run_min_s,0.00073,0.00073,1.0
baseline,corpus:div_recurrence,compile_s,5.651,5.651,1.0
baseline,corpus:div_recurrence,obj_bytes,22776.0,22776.0,1.0
baseline,corpus:div_recurrence,text_bytes,19147.0,19147.0,1.0
baseline,corpus:div_recurrence,insns,4669.0,4669.0,1.0
baseline,corpus:div_recurrence,ldr_sp,929.0,929.0,1.0
baseline,corpus:div_recurrence,str_sp,852.0,852.0,1.0
baseline,corpus:div_recurrence,ldp_sp,0.0,0.0,
baseline,corpus:div_recurrence,stp_sp,0.0,0.0,
baseline,corpus:div_recurrence,mov_imm,786.0,786.0,1.0
baseline,corpus:div_recurrence,objects,1.0,1.0,1.0
baseline,corpus:div_recurrence,kfn_insns,132.0,132.0,1.0
baseline,corpus:div_recurrence,kfn_ldr_sp,25.0,25.0,1.0
baseline,corpus:div_recurrence,kfn_str_sp,20.0,20.0,1.0
baseline,corpus:div_recurrence,kfn_ldp_sp,0.0,0.0,
baseline,corpus:div_recurrence,kfn_stp_sp,0.0,0.0,
baseline,corpus:div_recurrence,kfn_mov_imm,35.0,35.0,1.0
baseline,corpus:div_recurrence,kfn_symbols,1.0,1.0,1.0
baseline,corpus:div_recurrence,correct,1.0,1.0,1.0
baseline,corpus:div_recurrence,run_median_s,0.656767,0.656767,1.0
baseline,corpus:div_recurrence,run_min_s,0.647906,0.647906,1.0
baseline,corpus:dot_product,compile_s,5.775,5.775,1.0
baseline,corpus:dot_product,obj_bytes,26952.0,26952.0,1.0
baseline,corpus:dot_product,text_bytes,23312.0,23312.0,1.0
baseline,corpus:dot_product,insns,5743.0,5743.0,1.0
baseline,corpus:dot_product,ldr_sp,1056.0,1056.0,1.0
baseline,corpus:dot_product,str_sp,1214.0,1214.0,1.0
baseline,corpus:dot_product,ldp_sp,0.0,0.0,
baseline,corpus:dot_product,stp_sp,0.0,0.0,
baseline,corpus:dot_product,mov_imm,1135.0,1135.0,1.0
baseline,corpus:dot_product,objects,1.0,1.0,1.0
baseline,corpus:dot_product,kfn_insns,211.0,211.0,1.0
baseline,corpus:dot_product,kfn_ldr_sp,44.0,44.0,1.0
baseline,corpus:dot_product,kfn_str_sp,27.0,27.0,1.0
baseline,corpus:dot_product,kfn_ldp_sp,0.0,0.0,
baseline,corpus:dot_product,kfn_stp_sp,0.0,0.0,
baseline,corpus:dot_product,kfn_mov_imm,49.0,49.0,1.0
baseline,corpus:dot_product,kfn_symbols,1.0,1.0,1.0
baseline,corpus:dot_product,correct,1.0,1.0,1.0
baseline,corpus:dot_product,run_median_s,3.421678,3.421678,1.0
baseline,corpus:dot_product,run_min_s,3.412091,3.412091,1.0
baseline,corpus:elementwise_chain,compile_s,5.638,5.638,1.0
baseline,corpus:elementwise_chain,obj_bytes,23472.0,23472.0,1.0
baseline,corpus:elementwise_chain,text_bytes,19839.0,19839.0,1.0
baseline,corpus:elementwise_chain,insns,4842.0,4842.0,1.0
baseline,corpus:elementwise_chain,ldr_sp,934.0,934.0,1.0
baseline,corpus:elementwise_chain,str_sp,850.0,850.0,1.0
baseline,corpus:elementwise_chain,ldp_sp,0.0,0.0,
baseline,corpus:elementwise_chain,stp_sp,0.0,0.0,
baseline,corpus:elementwise_chain,mov_imm,897.0,897.0,1.0
baseline,corpus:elementwise_chain,objects,1.0,1.0,1.0
baseline,corpus:elementwise_chain,kfn_insns,312.0,312.0,1.0
baseline,corpus:elementwise_chain,kfn_ldr_sp,33.0,33.0,1.0
baseline,corpus:elementwise_chain,kfn_str_sp,21.0,21.0,1.0
baseline,corpus:elementwise_chain,kfn_ldp_sp,0.0,0.0,
baseline,corpus:elementwise_chain,kfn_stp_sp,0.0,0.0,
baseline,corpus:elementwise_chain,kfn_mov_imm,143.0,143.0,1.0
baseline,corpus:elementwise_chain,kfn_symbols,1.0,1.0,1.0
baseline,corpus:elementwise_chain,correct,1.0,1.0,1.0
baseline,corpus:elementwise_chain,run_median_s,5.312785,5.312785,1.0
baseline,corpus:elementwise_chain,run_min_s,5.07029,5.07029,1.0
baseline,corpus:gemm_control,compile_s,6.523,6.523,1.0
baseline,corpus:gemm_control,obj_bytes,23112.0,23112.0,1.0
baseline,corpus:gemm_control,text_bytes,19495.0,19495.0,1.0
baseline,corpus:gemm_control,insns,4756.0,4756.0,1.0
baseline,corpus:gemm_control,ldr_sp,974.0,974.0,1.0
baseline,corpus:gemm_control,str_sp,877.0,877.0,1.0
baseline,corpus:gemm_control,ldp_sp,0.0,0.0,
baseline,corpus:gemm_control,stp_sp,0.0,0.0,
baseline,corpus:gemm_control,mov_imm,789.0,789.0,1.0
baseline,corpus:gemm_control,objects,1.0,1.0,1.0
baseline,corpus:gemm_control,kfn_insns,151.0,151.0,1.0
baseline,corpus:gemm_control,kfn_ldr_sp,36.0,36.0,1.0
baseline,corpus:gemm_control,kfn_str_sp,23.0,23.0,1.0
baseline,corpus:gemm_control,kfn_ldp_sp,0.0,0.0,
baseline,corpus:gemm_control,kfn_stp_sp,0.0,0.0,
baseline,corpus:gemm_control,kfn_mov_imm,32.0,32.0,1.0
baseline,corpus:gemm_control,kfn_symbols,1.0,1.0,1.0
baseline,corpus:gemm_control,correct,1.0,1.0,1.0
baseline,corpus:gemm_control,run_median_s,4.648336,4.648336,1.0
baseline,corpus:gemm_control,run_min_s,4.599431,4.599431,1.0
baseline,corpus:gemm_tiled,compile_s,6.897,6.897,1.0
baseline,corpus:gemm_tiled,obj_bytes,30320.0,30320.0,1.0
baseline,corpus:gemm_tiled,text_bytes,26711.0,26711.0,1.0
baseline,corpus:gemm_tiled,insns,6560.0,6560.0,1.0
baseline,corpus:gemm_tiled,ldr_sp,1028.0,1028.0,1.0
baseline,corpus:gemm_tiled,str_sp,1675.0,1675.0,1.0
baseline,corpus:gemm_tiled,ldp_sp,0.0,0.0,
baseline,corpus:gemm_tiled,stp_sp,0.0,0.0,
baseline,corpus:gemm_tiled,mov_imm,1613.0,1613.0,1.0
baseline,corpus:gemm_tiled,objects,1.0,1.0,1.0
baseline,corpus:gemm_tiled,kfn_insns,2018.0,2018.0,1.0
baseline,corpus:gemm_tiled,kfn_ldr_sp,121.0,121.0,1.0
baseline,corpus:gemm_tiled,kfn_str_sp,843.0,843.0,1.0
baseline,corpus:gemm_tiled,kfn_ldp_sp,0.0,0.0,
baseline,corpus:gemm_tiled,kfn_stp_sp,0.0,0.0,
baseline,corpus:gemm_tiled,kfn_mov_imm,859.0,859.0,1.0
baseline,corpus:gemm_tiled,kfn_symbols,1.0,1.0,1.0
baseline,corpus:gemm_tiled,correct,1.0,1.0,1.0
baseline,corpus:gemm_tiled,run_median_s,21.268538,21.268538,1.0
baseline,corpus:gemm_tiled,run_min_s,19.080657,19.080657,1.0
baseline,corpus:histogram,compile_s,6.182,6.182,1.0
baseline,corpus:histogram,obj_bytes,25016.0,25016.0,1.0
baseline,corpus:histogram,text_bytes,21431.0,21431.0,1.0
baseline,corpus:histogram,insns,5240.0,5240.0,1.0
baseline,corpus:histogram,ldr_sp,938.0,938.0,1.0
baseline,corpus:histogram,str_sp,1109.0,1109.0,1.0
baseline,corpus:histogram,ldp_sp,0.0,0.0,
baseline,corpus:histogram,stp_sp,0.0,0.0,
baseline,corpus:histogram,mov_imm,1057.0,1057.0,1.0
baseline,corpus:histogram,objects,1.0,1.0,1.0
baseline,corpus:histogram,kfn_insns,226.0,226.0,1.0
baseline,corpus:histogram,kfn_ldr_sp,45.0,45.0,1.0
baseline,corpus:histogram,kfn_str_sp,29.0,29.0,1.0
baseline,corpus:histogram,kfn_ldp_sp,0.0,0.0,
baseline,corpus:histogram,kfn_stp_sp,0.0,0.0,
baseline,corpus:histogram,kfn_mov_imm,54.0,54.0,1.0
baseline,corpus:histogram,kfn_symbols,1.0,1.0,1.0
baseline,corpus:histogram,correct,1.0,1.0,1.0
baseline,corpus:histogram,run_median_s,4.955482,4.955482,1.0
baseline,corpus:histogram,run_min_s,4.454142,4.454142,1.0
baseline,corpus:jacobi_2d,compile_s,6.3,6.3,1.0
baseline,corpus:jacobi_2d,obj_bytes,22704.0,22704.0,1.0
baseline,corpus:jacobi_2d,text_bytes,19119.0,19119.0,1.0
baseline,corpus:jacobi_2d,insns,4662.0,4662.0,1.0
baseline,corpus:jacobi_2d,ldr_sp,922.0,922.0,1.0
baseline,corpus:jacobi_2d,str_sp,831.0,831.0,1.0
baseline,corpus:jacobi_2d,ldp_sp,0.0,0.0,
baseline,corpus:jacobi_2d,stp_sp,0.0,0.0,
baseline,corpus:jacobi_2d,mov_imm,798.0,798.0,1.0
baseline,corpus:jacobi_2d,objects,1.0,1.0,1.0
baseline,corpus:jacobi_2d,kfn_insns,186.0,186.0,1.0
baseline,corpus:jacobi_2d,kfn_ldr_sp,35.0,35.0,1.0
baseline,corpus:jacobi_2d,kfn_str_sp,13.0,13.0,1.0
baseline,corpus:jacobi_2d,kfn_ldp_sp,0.0,0.0,
baseline,corpus:jacobi_2d,kfn_stp_sp,0.0,0.0,
baseline,corpus:jacobi_2d,kfn_mov_imm,56.0,56.0,1.0
baseline,corpus:jacobi_2d,kfn_symbols,1.0,1.0,1.0
baseline,corpus:jacobi_2d,correct,1.0,1.0,1.0
baseline,corpus:jacobi_2d,run_median_s,2.620557,2.620557,1.0
baseline,corpus:jacobi_2d,run_min_s,2.550278,2.550278,1.0
weighted,fixture:pure-rust-aarch64,compile_s,0.445,0.431,1.0324825986078887
weighted,fixture:pure-rust-aarch64,obj_bytes,9728.0,9536.0,1.0201342281879195
weighted,fixture:pure-rust-aarch64,text_bytes,6889.0,6697.0,1.028669553531432
weighted,fixture:pure-rust-aarch64,insns,1688.0,1640.0,1.0292682926829269
weighted,fixture:pure-rust-aarch64,ldr_sp,237.0,217.0,1.0921658986175116
weighted,fixture:pure-rust-aarch64,str_sp,251.0,223.0,1.1255605381165918
weighted,fixture:pure-rust-aarch64,ldp_sp,0.0,0.0,
weighted,fixture:pure-rust-aarch64,stp_sp,0.0,0.0,
weighted,fixture:pure-rust-aarch64,mov_imm,484.0,484.0,1.0
weighted,fixture:pure-rust-aarch64,objects,1.0,1.0,1.0
weighted,fixture:pure-rust-aarch64,correct,1.0,1.0,1.0
weighted,fixture:pure-rust-aarch64,run_median_s,0.000802,0.000979,0.8192032686414709
weighted,fixture:pure-rust-aarch64,run_min_s,0.000597,0.000657,0.9086757990867579
weighted,fixture:structs-aarch64,compile_s,0.148,0.126,1.1746031746031744
weighted,fixture:structs-aarch64,obj_bytes,2040.0,2040.0,1.0
weighted,fixture:structs-aarch64,text_bytes,620.0,624.0,0.9935897435897436
weighted,fixture:structs-aarch64,insns,155.0,156.0,0.9935897435897436
weighted,fixture:structs-aarch64,ldr_sp,17.0,18.0,0.9444444444444444
weighted,fixture:structs-aarch64,str_sp,12.0,12.0,1.0
weighted,fixture:structs-aarch64,ldp_sp,0.0,0.0,
weighted,fixture:structs-aarch64,stp_sp,0.0,0.0,
weighted,fixture:structs-aarch64,mov_imm,51.0,51.0,1.0
weighted,fixture:structs-aarch64,objects,1.0,1.0,1.0
weighted,fixture:structs-aarch64,correct,1.0,1.0,1.0
weighted,fixture:structs-aarch64,run_median_s,0.00075,0.000734,1.021798365122616
weighted,fixture:structs-aarch64,run_min_s,0.000629,0.000622,1.0112540192926045
weighted,fixture:hello-world-aarch64,compile_s,0.145,0.133,1.0902255639097742
weighted,fixture:hello-world-aarch64,obj_bytes,1728.0,1728.0,1.0
weighted,fixture:hello-world-aarch64,text_bytes,351.0,351.0,1.0
weighted,fixture:hello-world-aarch64,insns,85.0,85.0,1.0
weighted,fixture:hello-world-aarch64,ldr_sp,13.0,13.0,1.0
weighted,fixture:hello-world-aarch64,str_sp,13.0,13.0,1.0
weighted,fixture:hello-world-aarch64,ldp_sp,0.0,0.0,
weighted,fixture:hello-world-aarch64,stp_sp,0.0,0.0,
weighted,fixture:hello-world-aarch64,mov_imm,8.0,8.0,1.0
weighted,fixture:hello-world-aarch64,objects,1.0,1.0,1.0
weighted,fixture:hello-world-aarch64,correct,1.0,1.0,1.0
weighted,fixture:hello-world-aarch64,run_median_s,0.000871,0.000756,1.152116402116402
weighted,fixture:hello-world-aarch64,run_min_s,0.000673,0.000674,0.9985163204747775
weighted,fixture:fp-aarch64,compile_s,1.653,1.657,0.9975859987929994
weighted,fixture:fp-aarch64,obj_bytes,37880.0,37696.0,1.0048811544991512
weighted,fixture:fp-aarch64,text_bytes,31431.0,31243.0,1.0060173478859264
weighted,fixture:fp-aarch64,insns,7690.0,7643.0,1.0061494177678922
weighted,fixture:fp-aarch64,ldr_sp,1680.0,1666.0,1.0084033613445378
weighted,fixture:fp-aarch64,str_sp,1658.0,1625.0,1.0203076923076924
weighted,fixture:fp-aarch64,ldp_sp,0.0,0.0,
weighted,fixture:fp-aarch64,stp_sp,0.0,0.0,
weighted,fixture:fp-aarch64,mov_imm,1113.0,1113.0,1.0
weighted,fixture:fp-aarch64,objects,1.0,1.0,1.0
weighted,fixture:fp-aarch64,correct,1.0,1.0,1.0
weighted,fixture:fp-aarch64,run_median_s,0.000925,0.000918,1.0076252723311547
weighted,fixture:fp-aarch64,run_min_s,0.000697,0.000589,1.1833616298811545
weighted,fixture:int128-aarch64,compile_s,5.833,5.803,1.0051697397897639
weighted,fixture:int128-aarch64,obj_bytes,107096.0,103648.0,1.0332664402593392
weighted,fixture:int128-aarch64,text_bytes,92885.0,89437.0,1.0385522770218143
weighted,fixture:int128-aarch64,insns,22686.0,21824.0,1.0394978005865103
weighted,fixture:int128-aarch64,ldr_sp,4720.0,4438.0,1.0635421360973412
weighted,fixture:int128-aarch64,str_sp,5002.0,4422.0,1.1311623699683402
weighted,fixture:int128-aarch64,ldp_sp,0.0,0.0,
weighted,fixture:int128-aarch64,stp_sp,0.0,0.0,
weighted,fixture:int128-aarch64,mov_imm,4073.0,4073.0,1.0
weighted,fixture:int128-aarch64,objects,1.0,1.0,1.0
weighted,fixture:int128-aarch64,correct,1.0,1.0,1.0
weighted,fixture:int128-aarch64,run_median_s,0.000942,0.000889,1.0596175478065242
weighted,fixture:int128-aarch64,run_min_s,0.000592,0.000699,0.8469241773962803
weighted,fixture:hashmap-aarch64,compile_s,8.394,8.322,1.0086517664023074
weighted,fixture:hashmap-aarch64,obj_bytes,159376.0,147512.0,1.0804273550626389
weighted,fixture:hashmap-aarch64,text_bytes,144185.0,132321.0,1.0896607492385941
weighted,fixture:hashmap-aarch64,insns,35942.0,32976.0,1.089944201843765
weighted,fixture:hashmap-aarch64,ldr_sp,8234.0,6960.0,1.1830459770114943
weighted,fixture:hashmap-aarch64,str_sp,7917.0,6227.0,1.2713987473903967
weighted,fixture:hashmap-aarch64,ldp_sp,0.0,0.0,
weighted,fixture:hashmap-aarch64,stp_sp,0.0,0.0,
weighted,fixture:hashmap-aarch64,mov_imm,6599.0,6599.0,1.0
weighted,fixture:hashmap-aarch64,objects,1.0,1.0,1.0
weighted,fixture:hashmap-aarch64,correct,1.0,1.0,1.0
weighted,fixture:hashmap-aarch64,run_median_s,0.00113,0.000939,1.2034078807241746
weighted,fixture:hashmap-aarch64,run_min_s,0.000793,0.000606,1.3085808580858085
weighted,fixture:itoa-aarch64,compile_s,1.316,1.318,0.9984825493171472
weighted,fixture:itoa-aarch64,obj_bytes,23080.0,22872.0,1.0090940888422526
weighted,fixture:itoa-aarch64,text_bytes,19279.0,19071.0,1.010906612133606
weighted,fixture:itoa-aarch64,insns,4705.0,4653.0,1.0111755856436708
weighted,fixture:itoa-aarch64,ldr_sp,1038.0,1018.0,1.0196463654223968
weighted,fixture:itoa-aarch64,str_sp,732.0,700.0,1.0457142857142858
weighted,fixture:itoa-aarch64,ldp_sp,0.0,0.0,
weighted,fixture:itoa-aarch64,stp_sp,0.0,0.0,
weighted,fixture:itoa-aarch64,mov_imm,700.0,700.0,1.0
weighted,fixture:itoa-aarch64,objects,1.0,1.0,1.0
weighted,fixture:itoa-aarch64,correct,1.0,1.0,1.0
weighted,fixture:itoa-aarch64,run_median_s,0.000902,0.000862,1.0464037122969838
weighted,fixture:itoa-aarch64,run_min_s,0.000592,0.000581,1.018932874354561
weighted,fixture:oc-course,compile_s,0.151,0.169,0.8934911242603549
weighted,fixture:oc-course,obj_bytes,2040.0,1992.0,1.0240963855421688
weighted,fixture:oc-course,text_bytes,603.0,559.0,1.07871198568873
weighted,fixture:oc-course,insns,148.0,137.0,1.0802919708029197
weighted,fixture:oc-course,ldr_sp,30.0,25.0,1.2
weighted,fixture:oc-course,str_sp,28.0,22.0,1.2727272727272727
weighted,fixture:oc-course,ldp_sp,0.0,0.0,
weighted,fixture:oc-course,stp_sp,0.0,0.0,
weighted,fixture:oc-course,mov_imm,14.0,14.0,1.0
weighted,fixture:oc-course,objects,1.0,1.0,1.0
weighted,fixture:oc-course,correct,1.0,1.0,1.0
weighted,fixture:oc-course,run_median_s,0.0009,0.000702,1.282051282051282
weighted,fixture:oc-course,run_min_s,0.000564,0.000573,0.9842931937172775
weighted,fixture:stdin-aarch64,compile_s,8.307,8.256,1.0061773255813953
weighted,fixture:stdin-aarch64,obj_bytes,62984.0,52592.0,1.1975965926376635
weighted,fixture:stdin-aarch64,text_bytes,55820.0,45428.0,1.22875759443515
weighted,fixture:stdin-aarch64,insns,13790.0,11192.0,1.2321300929235168
weighted,fixture:stdin-aarch64,ldr_sp,3207.0,1981.0,1.618879353861686
weighted,fixture:stdin-aarch64,str_sp,3155.0,1785.0,1.7675070028011204
weighted,fixture:stdin-aarch64,ldp_sp,0.0,0.0,
weighted,fixture:stdin-aarch64,stp_sp,0.0,0.0,
weighted,fixture:stdin-aarch64,mov_imm,2623.0,2623.0,1.0
weighted,fixture:stdin-aarch64,objects,1.0,1.0,1.0
weighted,fixture:stdin-aarch64,correct,1.0,1.0,1.0
weighted,fixture:stdin-aarch64,run_median_s,0.00095,0.000971,0.9783728115345005
weighted,fixture:stdin-aarch64,run_min_s,0.000618,0.000608,1.0164473684210524
weighted,fixture:sudoku-aarch64,compile_s,1.319,1.324,0.9962235649546827
weighted,fixture:sudoku-aarch64,obj_bytes,16328.0,14408.0,1.133259300388673
weighted,fixture:sudoku-aarch64,text_bytes,14388.0,12472.0,1.1536241180243747
weighted,fixture:sudoku-aarch64,insns,3573.0,3094.0,1.1548157724628312
weighted,fixture:sudoku-aarch64,ldr_sp,891.0,666.0,1.337837837837838
weighted,fixture:sudoku-aarch64,str_sp,931.0,677.0,1.3751846381093058
weighted,fixture:sudoku-aarch64,ldp_sp,0.0,0.0,
weighted,fixture:sudoku-aarch64,stp_sp,0.0,0.0,
weighted,fixture:sudoku-aarch64,mov_imm,491.0,491.0,1.0
weighted,fixture:sudoku-aarch64,objects,1.0,1.0,1.0
weighted,fixture:sudoku-aarch64,correct,1.0,1.0,1.0
weighted,fixture:sudoku-aarch64,run_median_s,0.00344,0.001844,1.8655097613882863
weighted,fixture:sudoku-aarch64,run_min_s,0.003156,0.00163,1.936196319018405
weighted,fixture:sudoku-solver,compile_s,14.699,14.612,1.005954010402409
weighted,fixture:sudoku-solver,obj_bytes,119440.0,108592.0,1.0998968616472669
weighted,fixture:sudoku-solver,text_bytes,111576.0,100724.0,1.1077399626702673
weighted,fixture:sudoku-solver,insns,27505.0,24792.0,1.109430461439174
weighted,fixture:sudoku-solver,ldr_sp,6766.0,5614.0,1.2052012825080156
weighted,fixture:sudoku-solver,str_sp,6513.0,4956.0,1.3141646489104115
weighted,fixture:sudoku-solver,ldp_sp,0.0,0.0,
weighted,fixture:sudoku-solver,stp_sp,0.0,0.0,
weighted,fixture:sudoku-solver,mov_imm,4404.0,4404.0,1.0
weighted,fixture:sudoku-solver,objects,1.0,1.0,1.0
weighted,fixture:sudoku-solver,correct,1.0,1.0,1.0
weighted,fixture:sudoku-solver,run_median_s,0.00093,0.00091,1.0219780219780221
weighted,fixture:sudoku-solver,run_min_s,0.000736,0.00073,1.0082191780821919
weighted,corpus:div_recurrence,compile_s,5.631,5.651,0.9964608033976288
weighted,corpus:div_recurrence,obj_bytes,23480.0,22776.0,1.0309097295398666
weighted,corpus:div_recurrence,text_bytes,19851.0,19147.0,1.0367681621141693
weighted,corpus:div_recurrence,insns,4845.0,4669.0,1.037695437995288
weighted,corpus:div_recurrence,ldr_sp,985.0,929.0,1.0602798708288481
weighted,corpus:div_recurrence,str_sp,972.0,852.0,1.1408450704225352
weighted,corpus:div_recurrence,ldp_sp,0.0,0.0,
weighted,corpus:div_recurrence,stp_sp,0.0,0.0,
weighted,corpus:div_recurrence,mov_imm,786.0,786.0,1.0
weighted,corpus:div_recurrence,objects,1.0,1.0,1.0
weighted,corpus:div_recurrence,kfn_insns,239.0,132.0,1.8106060606060606
weighted,corpus:div_recurrence,kfn_ldr_sp,75.0,25.0,3.0
weighted,corpus:div_recurrence,kfn_str_sp,77.0,20.0,3.85
weighted,corpus:div_recurrence,kfn_ldp_sp,0.0,0.0,
weighted,corpus:div_recurrence,kfn_stp_sp,0.0,0.0,
weighted,corpus:div_recurrence,kfn_mov_imm,35.0,35.0,1.0
weighted,corpus:div_recurrence,kfn_symbols,1.0,1.0,1.0
weighted,corpus:div_recurrence,correct,1.0,1.0,1.0
weighted,corpus:div_recurrence,run_median_s,2.122645,0.656767,3.231960497406234
weighted,corpus:div_recurrence,run_min_s,2.112839,0.647906,3.2610270625677185
weighted,corpus:dot_product,compile_s,5.73,5.775,0.9922077922077922
weighted,corpus:dot_product,obj_bytes,27968.0,26952.0,1.0376966458889878
weighted,corpus:dot_product,text_bytes,24328.0,23312.0,1.043582704186685
weighted,corpus:dot_product,insns,5997.0,5743.0,1.0442277555284694
weighted,corpus:dot_product,ldr_sp,1150.0,1056.0,1.0890151515151516
weighted,corpus:dot_product,str_sp,1374.0,1214.0,1.1317957166392092
weighted,corpus:dot_product,ldp_sp,0.0,0.0,
weighted,corpus:dot_product,stp_sp,0.0,0.0,
weighted,corpus:dot_product,mov_imm,1135.0,1135.0,1.0
weighted,corpus:dot_product,objects,1.0,1.0,1.0
weighted,corpus:dot_product,kfn_insns,367.0,211.0,1.7393364928909953
weighted,corpus:dot_product,kfn_ldr_sp,115.0,44.0,2.6136363636363638
weighted,corpus:dot_product,kfn_str_sp,112.0,27.0,4.148148148148148
weighted,corpus:dot_product,kfn_ldp_sp,0.0,0.0,
weighted,corpus:dot_product,kfn_stp_sp,0.0,0.0,
weighted,corpus:dot_product,kfn_mov_imm,49.0,49.0,1.0
weighted,corpus:dot_product,kfn_symbols,1.0,1.0,1.0
weighted,corpus:dot_product,correct,1.0,1.0,1.0
weighted,corpus:dot_product,run_median_s,12.233121,3.421678,3.5751818259929777
weighted,corpus:dot_product,run_min_s,12.218219,3.412091,3.5808596546809563
weighted,corpus:elementwise_chain,compile_s,5.626,5.638,0.997871585668677
weighted,corpus:elementwise_chain,obj_bytes,24344.0,23472.0,1.0371506475800953
weighted,corpus:elementwise_chain,text_bytes,20707.0,19839.0,1.043752205252281
weighted,corpus:elementwise_chain,insns,5059.0,4842.0,1.0448161916563403
weighted,corpus:elementwise_chain,ldr_sp,1009.0,934.0,1.0802997858672376
weighted,corpus:elementwise_chain,str_sp,992.0,850.0,1.1670588235294117
weighted,corpus:elementwise_chain,ldp_sp,0.0,0.0,
weighted,corpus:elementwise_chain,stp_sp,0.0,0.0,
weighted,corpus:elementwise_chain,mov_imm,897.0,897.0,1.0
weighted,corpus:elementwise_chain,objects,1.0,1.0,1.0
weighted,corpus:elementwise_chain,kfn_insns,460.0,312.0,1.4743589743589745
weighted,corpus:elementwise_chain,kfn_ldr_sp,102.0,33.0,3.090909090909091
weighted,corpus:elementwise_chain,kfn_str_sp,100.0,21.0,4.761904761904762
weighted,corpus:elementwise_chain,kfn_ldp_sp,0.0,0.0,
weighted,corpus:elementwise_chain,kfn_stp_sp,0.0,0.0,
weighted,corpus:elementwise_chain,kfn_mov_imm,143.0,143.0,1.0
weighted,corpus:elementwise_chain,kfn_symbols,1.0,1.0,1.0
weighted,corpus:elementwise_chain,correct,1.0,1.0,1.0
weighted,corpus:elementwise_chain,run_median_s,16.651177,5.312785,3.134171060940731
weighted,corpus:elementwise_chain,run_min_s,16.634645,5.07029,3.2808074094381188
weighted,corpus:gemm_control,compile_s,6.457,6.523,0.9898819561551434
weighted,corpus:gemm_control,obj_bytes,23800.0,23112.0,1.0297680858428522
weighted,corpus:gemm_control,text_bytes,20183.0,19495.0,1.0352911002821237
weighted,corpus:gemm_control,insns,4928.0,4756.0,1.0361648444070648
weighted,corpus:gemm_control,ldr_sp,1025.0,974.0,1.0523613963039014
weighted,corpus:gemm_control,str_sp,998.0,877.0,1.1379703534777652
weighted,corpus:gemm_control,ldp_sp,0.0,0.0,
weighted,corpus:gemm_control,stp_sp,0.0,0.0,
weighted,corpus:gemm_control,mov_imm,789.0,789.0,1.0
weighted,corpus:gemm_control,objects,1.0,1.0,1.0
weighted,corpus:gemm_control,kfn_insns,254.0,151.0,1.6821192052980132
weighted,corpus:gemm_control,kfn_ldr_sp,81.0,36.0,2.25
weighted,corpus:gemm_control,kfn_str_sp,81.0,23.0,3.5217391304347827
weighted,corpus:gemm_control,kfn_ldp_sp,0.0,0.0,
weighted,corpus:gemm_control,kfn_stp_sp,0.0,0.0,
weighted,corpus:gemm_control,kfn_mov_imm,32.0,32.0,1.0
weighted,corpus:gemm_control,kfn_symbols,1.0,1.0,1.0
weighted,corpus:gemm_control,correct,1.0,1.0,1.0
weighted,corpus:gemm_control,run_median_s,21.470427,4.648336,4.618949017454849
weighted,corpus:gemm_control,run_min_s,20.979754,4.599431,4.561380309868764
weighted,corpus:gemm_tiled,compile_s,6.573,6.897,0.9530230535015224
weighted,corpus:gemm_tiled,obj_bytes,31632.0,30320.0,1.0432717678100263
weighted,corpus:gemm_tiled,text_bytes,28023.0,26711.0,1.049118340758489
weighted,corpus:gemm_tiled,insns,6888.0,6560.0,1.05
weighted,corpus:gemm_tiled,ldr_sp,1149.0,1028.0,1.117704280155642
weighted,corpus:gemm_tiled,str_sp,1880.0,1675.0,1.1223880597014926
weighted,corpus:gemm_tiled,ldp_sp,0.0,0.0,
weighted,corpus:gemm_tiled,stp_sp,0.0,0.0,
weighted,corpus:gemm_tiled,mov_imm,1613.0,1613.0,1.0
weighted,corpus:gemm_tiled,objects,1.0,1.0,1.0
weighted,corpus:gemm_tiled,kfn_insns,2277.0,2018.0,1.128344895936571
weighted,corpus:gemm_tiled,kfn_ldr_sp,236.0,121.0,1.9504132231404958
weighted,corpus:gemm_tiled,kfn_str_sp,985.0,843.0,1.1684460260972716
weighted,corpus:gemm_tiled,kfn_ldp_sp,0.0,0.0,
weighted,corpus:gemm_tiled,kfn_stp_sp,0.0,0.0,
weighted,corpus:gemm_tiled,kfn_mov_imm,859.0,859.0,1.0
weighted,corpus:gemm_tiled,kfn_symbols,1.0,1.0,1.0
weighted,corpus:gemm_tiled,correct,1.0,1.0,1.0
weighted,corpus:gemm_tiled,run_median_s,84.22386,21.268538,3.960021135444289
weighted,corpus:gemm_tiled,run_min_s,81.790791,19.080657,4.28658148406525
weighted,corpus:histogram,compile_s,6.397,6.182,1.0347783888709154
weighted,corpus:histogram,obj_bytes,25768.0,25016.0,1.0300607611128878
weighted,corpus:histogram,text_bytes,22179.0,21431.0,1.0349027110260838
weighted,corpus:histogram,insns,5427.0,5240.0,1.0356870229007633
weighted,corpus:histogram,ldr_sp,1000.0,938.0,1.0660980810234542
weighted,corpus:histogram,str_sp,1234.0,1109.0,1.1127141568981065
weighted,corpus:histogram,ldp_sp,0.0,0.0,
weighted,corpus:histogram,stp_sp,0.0,0.0,
weighted,corpus:histogram,mov_imm,1057.0,1057.0,1.0
weighted,corpus:histogram,objects,1.0,1.0,1.0
weighted,corpus:histogram,kfn_insns,356.0,226.0,1.575221238938053
weighted,corpus:histogram,kfn_ldr_sp,105.0,45.0,2.3333333333333335
weighted,corpus:histogram,kfn_str_sp,99.0,29.0,3.413793103448276
weighted,corpus:histogram,kfn_ldp_sp,0.0,0.0,
weighted,corpus:histogram,kfn_stp_sp,0.0,0.0,
weighted,corpus:histogram,kfn_mov_imm,54.0,54.0,1.0
weighted,corpus:histogram,kfn_symbols,1.0,1.0,1.0
weighted,corpus:histogram,correct,1.0,1.0,1.0
weighted,corpus:histogram,run_median_s,16.878865,4.955482,3.4060995479349945
weighted,corpus:histogram,run_min_s,16.542251,4.454142,3.713902924513857
weighted,corpus:jacobi_2d,compile_s,6.172,6.3,0.9796825396825397
weighted,corpus:jacobi_2d,obj_bytes,23704.0,22704.0,1.044045102184637
weighted,corpus:jacobi_2d,text_bytes,20115.0,19119.0,1.0520947748313196
weighted,corpus:jacobi_2d,insns,4911.0,4662.0,1.0534105534105533
weighted,corpus:jacobi_2d,ldr_sp,1010.0,922.0,1.0954446854663775
weighted,corpus:jacobi_2d,str_sp,992.0,831.0,1.193742478941035
weighted,corpus:jacobi_2d,ldp_sp,0.0,0.0,
weighted,corpus:jacobi_2d,stp_sp,0.0,0.0,
weighted,corpus:jacobi_2d,mov_imm,798.0,798.0,1.0
weighted,corpus:jacobi_2d,objects,1.0,1.0,1.0
weighted,corpus:jacobi_2d,kfn_insns,378.0,186.0,2.032258064516129
weighted,corpus:jacobi_2d,kfn_ldr_sp,121.0,35.0,3.4571428571428573
weighted,corpus:jacobi_2d,kfn_str_sp,119.0,13.0,9.153846153846153
weighted,corpus:jacobi_2d,kfn_ldp_sp,0.0,0.0,
weighted,corpus:jacobi_2d,kfn_stp_sp,0.0,0.0,
weighted,corpus:jacobi_2d,kfn_mov_imm,56.0,56.0,1.0
weighted,corpus:jacobi_2d,kfn_symbols,1.0,1.0,1.0
weighted,corpus:jacobi_2d,correct,1.0,1.0,1.0
weighted+remat,fixture:pure-rust-aarch64,compile_s,0.431,0.431,1.0
weighted+remat,fixture:pure-rust-aarch64,obj_bytes,9728.0,9536.0,1.0201342281879195
weighted+remat,fixture:pure-rust-aarch64,text_bytes,6889.0,6697.0,1.028669553531432
weighted+remat,fixture:pure-rust-aarch64,insns,1688.0,1640.0,1.0292682926829269
weighted+remat,fixture:pure-rust-aarch64,ldr_sp,220.0,217.0,1.0138248847926268
weighted+remat,fixture:pure-rust-aarch64,str_sp,251.0,223.0,1.1255605381165918
weighted+remat,fixture:pure-rust-aarch64,ldp_sp,0.0,0.0,
weighted+remat,fixture:pure-rust-aarch64,stp_sp,0.0,0.0,
weighted+remat,fixture:pure-rust-aarch64,mov_imm,501.0,484.0,1.0351239669421488
weighted+remat,fixture:pure-rust-aarch64,objects,1.0,1.0,1.0
weighted+remat,fixture:pure-rust-aarch64,correct,1.0,1.0,1.0
weighted+remat,fixture:pure-rust-aarch64,run_median_s,0.00073,0.000979,0.7456588355464759
weighted+remat,fixture:pure-rust-aarch64,run_min_s,0.000644,0.000657,0.980213089802131
weighted+remat,fixture:structs-aarch64,compile_s,0.145,0.126,1.1507936507936507
weighted+remat,fixture:structs-aarch64,obj_bytes,2040.0,2040.0,1.0
weighted+remat,fixture:structs-aarch64,text_bytes,620.0,624.0,0.9935897435897436
weighted+remat,fixture:structs-aarch64,insns,155.0,156.0,0.9935897435897436
weighted+remat,fixture:structs-aarch64,ldr_sp,17.0,18.0,0.9444444444444444
weighted+remat,fixture:structs-aarch64,str_sp,12.0,12.0,1.0
weighted+remat,fixture:structs-aarch64,ldp_sp,0.0,0.0,
weighted+remat,fixture:structs-aarch64,stp_sp,0.0,0.0,
weighted+remat,fixture:structs-aarch64,mov_imm,51.0,51.0,1.0
weighted+remat,fixture:structs-aarch64,objects,1.0,1.0,1.0
weighted+remat,fixture:structs-aarch64,correct,1.0,1.0,1.0
weighted+remat,fixture:structs-aarch64,run_median_s,0.00071,0.000734,0.9673024523160764
weighted+remat,fixture:structs-aarch64,run_min_s,0.000636,0.000622,1.0225080385852088
weighted+remat,fixture:hello-world-aarch64,compile_s,0.125,0.133,0.9398496240601504
weighted+remat,fixture:hello-world-aarch64,obj_bytes,1728.0,1728.0,1.0
weighted+remat,fixture:hello-world-aarch64,text_bytes,351.0,351.0,1.0
weighted+remat,fixture:hello-world-aarch64,insns,85.0,85.0,1.0
weighted+remat,fixture:hello-world-aarch64,ldr_sp,13.0,13.0,1.0
weighted+remat,fixture:hello-world-aarch64,str_sp,13.0,13.0,1.0
weighted+remat,fixture:hello-world-aarch64,ldp_sp,0.0,0.0,
weighted+remat,fixture:hello-world-aarch64,stp_sp,0.0,0.0,
weighted+remat,fixture:hello-world-aarch64,mov_imm,8.0,8.0,1.0
weighted+remat,fixture:hello-world-aarch64,objects,1.0,1.0,1.0
weighted+remat,fixture:hello-world-aarch64,correct,1.0,1.0,1.0
weighted+remat,fixture:hello-world-aarch64,run_median_s,0.000778,0.000756,1.029100529100529
weighted+remat,fixture:hello-world-aarch64,run_min_s,0.000655,0.000674,0.9718100890207715
weighted+remat,fixture:fp-aarch64,compile_s,1.673,1.657,1.0096560048280023
weighted+remat,fixture:fp-aarch64,obj_bytes,41032.0,37696.0,1.0884974533106961
weighted+remat,fixture:fp-aarch64,text_bytes,34583.0,31243.0,1.1069039464840125
weighted+remat,fixture:fp-aarch64,insns,8478.0,7643.0,1.1092502943870208
weighted+remat,fixture:fp-aarch64,ldr_sp,1635.0,1666.0,0.9813925570228091
weighted+remat,fixture:fp-aarch64,str_sp,2048.0,1625.0,1.2603076923076924
weighted+remat,fixture:fp-aarch64,ldp_sp,0.0,0.0,
weighted+remat,fixture:fp-aarch64,stp_sp,0.0,0.0,
weighted+remat,fixture:fp-aarch64,mov_imm,1554.0,1113.0,1.3962264150943395
weighted+remat,fixture:fp-aarch64,objects,1.0,1.0,1.0
weighted+remat,fixture:fp-aarch64,correct,1.0,1.0,1.0
weighted+remat,fixture:fp-aarch64,run_median_s,0.000976,0.000918,1.0631808278867103
weighted+remat,fixture:fp-aarch64,run_min_s,0.000692,0.000589,1.1748726655348047
weighted+remat,fixture:int128-aarch64,compile_s,5.841,5.803,1.0065483370670343
weighted+remat,fixture:int128-aarch64,obj_bytes,110144.0,103648.0,1.0626736647113306
weighted+remat,fixture:int128-aarch64,text_bytes,95933.0,89437.0,1.0726321321153438
weighted+remat,fixture:int128-aarch64,insns,23448.0,21824.0,1.0744134897360704
weighted+remat,fixture:int128-aarch64,ldr_sp,4375.0,4438.0,0.9858044164037855
weighted+remat,fixture:int128-aarch64,str_sp,5367.0,4422.0,1.2137042062415198
weighted+remat,fixture:int128-aarch64,ldp_sp,0.0,0.0,
weighted+remat,fixture:int128-aarch64,stp_sp,0.0,0.0,
weighted+remat,fixture:int128-aarch64,mov_imm,4815.0,4073.0,1.1821753007611098
weighted+remat,fixture:int128-aarch64,objects,1.0,1.0,1.0
weighted+remat,fixture:int128-aarch64,correct,1.0,1.0,1.0
weighted+remat,fixture:int128-aarch64,run_median_s,0.000916,0.000889,1.03037120359955
weighted+remat,fixture:int128-aarch64,run_min_s,0.000603,0.000699,0.8626609442060087
weighted+remat,fixture:hashmap-aarch64,compile_s,8.435,8.322,1.0135784667147323
weighted+remat,fixture:hashmap-aarch64,obj_bytes,174152.0,147512.0,1.1805954769781442
weighted+remat,fixture:hashmap-aarch64,text_bytes,158965.0,132321.0,1.2013588168166807
weighted+remat,fixture:hashmap-aarch64,insns,39637.0,32976.0,1.2019953905870937
weighted+remat,fixture:hashmap-aarch64,ldr_sp,7239.0,6960.0,1.0400862068965517
weighted+remat,fixture:hashmap-aarch64,str_sp,9687.0,6227.0,1.5556447727637708
weighted+remat,fixture:hashmap-aarch64,ldp_sp,0.0,0.0,
weighted+remat,fixture:hashmap-aarch64,stp_sp,0.0,0.0,
weighted+remat,fixture:hashmap-aarch64,mov_imm,9517.0,6599.0,1.4421882103348993
weighted+remat,fixture:hashmap-aarch64,objects,1.0,1.0,1.0
weighted+remat,fixture:hashmap-aarch64,correct,1.0,1.0,1.0
weighted+remat,fixture:hashmap-aarch64,run_median_s,0.001082,0.000939,1.152289669861555
weighted+remat,fixture:hashmap-aarch64,run_min_s,0.000791,0.000606,1.3052805280528055
weighted+remat,fixture:itoa-aarch64,compile_s,1.314,1.318,0.9969650986342944
weighted+remat,fixture:itoa-aarch64,obj_bytes,23144.0,22872.0,1.0118922700244841
weighted+remat,fixture:itoa-aarch64,text_bytes,19339.0,19071.0,1.0140527502490693
weighted+remat,fixture:itoa-aarch64,insns,4720.0,4653.0,1.0143993122716526
weighted+remat,fixture:itoa-aarch64,ldr_sp,922.0,1018.0,0.9056974459724951
weighted+remat,fixture:itoa-aarch64,str_sp,740.0,700.0,1.0571428571428572
weighted+remat,fixture:itoa-aarch64,ldp_sp,0.0,0.0,
weighted+remat,fixture:itoa-aarch64,stp_sp,0.0,0.0,
weighted+remat,fixture:itoa-aarch64,mov_imm,823.0,700.0,1.1757142857142857
weighted+remat,fixture:itoa-aarch64,objects,1.0,1.0,1.0
weighted+remat,fixture:itoa-aarch64,correct,1.0,1.0,1.0
weighted+remat,fixture:itoa-aarch64,run_median_s,0.000682,0.000862,0.7911832946635731
weighted+remat,fixture:itoa-aarch64,run_min_s,0.000553,0.000581,0.9518072289156626
weighted+remat,fixture:oc-course,compile_s,0.157,0.169,0.9289940828402367
weighted+remat,fixture:oc-course,obj_bytes,2040.0,1992.0,1.0240963855421688
weighted+remat,fixture:oc-course,text_bytes,603.0,559.0,1.07871198568873
weighted+remat,fixture:oc-course,insns,148.0,137.0,1.0802919708029197
weighted+remat,fixture:oc-course,ldr_sp,25.0,25.0,1.0
weighted+remat,fixture:oc-course,str_sp,28.0,22.0,1.2727272727272727
weighted+remat,fixture:oc-course,ldp_sp,0.0,0.0,
weighted+remat,fixture:oc-course,stp_sp,0.0,0.0,
weighted+remat,fixture:oc-course,mov_imm,19.0,14.0,1.3571428571428572
weighted+remat,fixture:oc-course,objects,1.0,1.0,1.0
weighted+remat,fixture:oc-course,correct,1.0,1.0,1.0
weighted+remat,fixture:oc-course,run_median_s,0.000885,0.000702,1.2606837606837606
weighted+remat,fixture:oc-course,run_min_s,0.000593,0.000573,1.0349040139616055
weighted+remat,fixture:stdin-aarch64,compile_s,8.299,8.256,1.0052083333333333
weighted+remat,fixture:stdin-aarch64,obj_bytes,65168.0,52592.0,1.2391238211134774
weighted+remat,fixture:stdin-aarch64,text_bytes,58004.0,45428.0,1.2768336708637844
weighted+remat,fixture:stdin-aarch64,insns,14336.0,11192.0,1.280914939242316
weighted+remat,fixture:stdin-aarch64,ldr_sp,2806.0,1981.0,1.4164563351842503
weighted+remat,fixture:stdin-aarch64,str_sp,3394.0,1785.0,1.9014005602240895
weighted+remat,fixture:stdin-aarch64,ldp_sp,0.0,0.0,
weighted+remat,fixture:stdin-aarch64,stp_sp,0.0,0.0,
weighted+remat,fixture:stdin-aarch64,mov_imm,3329.0,2623.0,1.2691574532977508
weighted+remat,fixture:stdin-aarch64,objects,1.0,1.0,1.0
weighted+remat,fixture:stdin-aarch64,correct,1.0,1.0,1.0
weighted+remat,fixture:stdin-aarch64,run_median_s,0.000885,0.000971,0.9114315139031927
weighted+remat,fixture:stdin-aarch64,run_min_s,0.000611,0.000608,1.0049342105263157
weighted+remat,fixture:sudoku-aarch64,compile_s,1.329,1.324,1.003776435045317
weighted+remat,fixture:sudoku-aarch64,obj_bytes,17168.0,14408.0,1.1915602443087174
weighted+remat,fixture:sudoku-aarch64,text_bytes,15228.0,12472.0,1.2209749839640796
weighted+remat,fixture:sudoku-aarch64,insns,3783.0,3094.0,1.2226890756302522
weighted+remat,fixture:sudoku-aarch64,ldr_sp,781.0,666.0,1.1726726726726726
weighted+remat,fixture:sudoku-aarch64,str_sp,1036.0,677.0,1.5302806499261448
weighted+remat,fixture:sudoku-aarch64,ldp_sp,0.0,0.0,
weighted+remat,fixture:sudoku-aarch64,stp_sp,0.0,0.0,
weighted+remat,fixture:sudoku-aarch64,mov_imm,706.0,491.0,1.4378818737270875
weighted+remat,fixture:sudoku-aarch64,objects,1.0,1.0,1.0
weighted+remat,fixture:sudoku-aarch64,correct,1.0,1.0,1.0
weighted+remat,fixture:sudoku-aarch64,run_median_s,0.003361,0.001844,1.8226681127982647
weighted+remat,fixture:sudoku-aarch64,run_min_s,0.002986,0.00163,1.8319018404907976
weighted+remat,fixture:sudoku-solver,compile_s,14.74,14.612,1.0087599233506708
weighted+remat,fixture:sudoku-solver,obj_bytes,126200.0,108592.0,1.162148224546928
weighted+remat,fixture:sudoku-solver,text_bytes,118336.0,100724.0,1.1748540566299988
weighted+remat,fixture:sudoku-solver,insns,29195.0,24792.0,1.1775976121329461
weighted+remat,fixture:sudoku-solver,ldr_sp,6173.0,5614.0,1.0995724973281082
weighted+remat,fixture:sudoku-solver,str_sp,7321.0,4956.0,1.4771993543179984
weighted+remat,fixture:sudoku-solver,ldp_sp,0.0,0.0,
weighted+remat,fixture:sudoku-solver,stp_sp,0.0,0.0,
weighted+remat,fixture:sudoku-solver,mov_imm,5877.0,4404.0,1.3344686648501363
weighted+remat,fixture:sudoku-solver,objects,1.0,1.0,1.0
weighted+remat,fixture:sudoku-solver,correct,1.0,1.0,1.0
weighted+remat,fixture:sudoku-solver,run_median_s,0.001028,0.00091,1.1296703296703297
weighted+remat,fixture:sudoku-solver,run_min_s,0.000734,0.00073,1.0054794520547945
weighted+remat,corpus:div_recurrence,compile_s,5.707,5.651,1.0099097504866394
weighted+remat,corpus:div_recurrence,obj_bytes,24360.0,22776.0,1.0695468914646997
weighted+remat,corpus:div_recurrence,text_bytes,20735.0,19147.0,1.0829372747688932
weighted+remat,corpus:div_recurrence,insns,5066.0,4669.0,1.0850289141143714
weighted+remat,corpus:div_recurrence,ldr_sp,939.0,929.0,1.0107642626480087
weighted+remat,corpus:div_recurrence,str_sp,1060.0,852.0,1.244131455399061
weighted+remat,corpus:div_recurrence,ldp_sp,0.0,0.0,
weighted+remat,corpus:div_recurrence,stp_sp,0.0,0.0,
weighted+remat,corpus:div_recurrence,mov_imm,965.0,786.0,1.227735368956743
weighted+remat,corpus:div_recurrence,objects,1.0,1.0,1.0
weighted+remat,corpus:div_recurrence,kfn_insns,239.0,132.0,1.8106060606060606
weighted+remat,corpus:div_recurrence,kfn_ldr_sp,67.0,25.0,2.68
weighted+remat,corpus:div_recurrence,kfn_str_sp,77.0,20.0,3.85
weighted+remat,corpus:div_recurrence,kfn_ldp_sp,0.0,0.0,
weighted+remat,corpus:div_recurrence,kfn_stp_sp,0.0,0.0,
weighted+remat,corpus:div_recurrence,kfn_mov_imm,43.0,35.0,1.2285714285714286
weighted+remat,corpus:div_recurrence,kfn_symbols,1.0,1.0,1.0
weighted+remat,corpus:div_recurrence,correct,1.0,1.0,1.0
weighted+remat,corpus:div_recurrence,run_median_s,2.086511,0.656767,3.1769425077691174
weighted+remat,corpus:div_recurrence,run_min_s,2.078188,0.647906,3.2075455390133754
weighted+remat,corpus:dot_product,compile_s,5.8,5.775,1.0043290043290043
weighted+remat,corpus:dot_product,obj_bytes,28880.0,26952.0,1.0715345799940634
weighted+remat,corpus:dot_product,text_bytes,25236.0,23312.0,1.0825326012354153
weighted+remat,corpus:dot_product,insns,6224.0,5743.0,1.083754135469267
weighted+remat,corpus:dot_product,ldr_sp,1085.0,1056.0,1.027462121212121
weighted+remat,corpus:dot_product,str_sp,1465.0,1214.0,1.2067545304777594
weighted+remat,corpus:dot_product,ldp_sp,0.0,0.0,
weighted+remat,corpus:dot_product,stp_sp,0.0,0.0,
weighted+remat,corpus:dot_product,mov_imm,1336.0,1135.0,1.1770925110132158
weighted+remat,corpus:dot_product,objects,1.0,1.0,1.0
weighted+remat,corpus:dot_product,kfn_insns,368.0,211.0,1.7440758293838863
weighted+remat,corpus:dot_product,kfn_ldr_sp,93.0,44.0,2.1136363636363638
weighted+remat,corpus:dot_product,kfn_str_sp,112.0,27.0,4.148148148148148
weighted+remat,corpus:dot_product,kfn_ldp_sp,0.0,0.0,
weighted+remat,corpus:dot_product,kfn_stp_sp,0.0,0.0,
weighted+remat,corpus:dot_product,kfn_mov_imm,72.0,49.0,1.469387755102041
weighted+remat,corpus:dot_product,kfn_symbols,1.0,1.0,1.0
weighted+remat,corpus:dot_product,correct,1.0,1.0,1.0
weighted+remat,corpus:dot_product,run_median_s,10.896611,3.421678,3.184581073964295
weighted+remat,corpus:dot_product,run_min_s,10.884457,3.412091,3.189966797485764
weighted+remat,corpus:elementwise_chain,compile_s,6.126,5.638,1.0865555161404754
weighted+remat,corpus:elementwise_chain,obj_bytes,25248.0,23472.0,1.0756646216768917
weighted+remat,corpus:elementwise_chain,text_bytes,21615.0,19839.0,1.089520641161349
weighted+remat,corpus:elementwise_chain,insns,5286.0,4842.0,1.0916976456009913
weighted+remat,corpus:elementwise_chain,ldr_sp,961.0,934.0,1.0289079229122056
weighted+remat,corpus:elementwise_chain,str_sp,1083.0,850.0,1.2741176470588236
weighted+remat,corpus:elementwise_chain,ldp_sp,0.0,0.0,
weighted+remat,corpus:elementwise_chain,stp_sp,0.0,0.0,
weighted+remat,corpus:elementwise_chain,mov_imm,1081.0,897.0,1.205128205128205
weighted+remat,corpus:elementwise_chain,objects,1.0,1.0,1.0
weighted+remat,corpus:elementwise_chain,kfn_insns,466.0,312.0,1.4935897435897436
weighted+remat,corpus:elementwise_chain,kfn_ldr_sp,92.0,33.0,2.787878787878788
weighted+remat,corpus:elementwise_chain,kfn_str_sp,103.0,21.0,4.904761904761905
weighted+remat,corpus:elementwise_chain,kfn_ldp_sp,0.0,0.0,
weighted+remat,corpus:elementwise_chain,kfn_stp_sp,0.0,0.0,
weighted+remat,corpus:elementwise_chain,kfn_mov_imm,156.0,143.0,1.0909090909090908
weighted+remat,corpus:elementwise_chain,kfn_symbols,1.0,1.0,1.0
weighted+remat,corpus:elementwise_chain,correct,1.0,1.0,1.0
weighted+remat,corpus:elementwise_chain,run_median_s,20.107219,5.312785,3.784685245120968
weighted+remat,corpus:elementwise_chain,run_min_s,16.454464,5.07029,3.2452707833279755
weighted+remat,corpus:gemm_control,compile_s,6.508,6.523,0.9977004445807145
weighted+remat,corpus:gemm_control,obj_bytes,24688.0,23112.0,1.0681896850121149
weighted+remat,corpus:gemm_control,text_bytes,21067.0,19495.0,1.0806360605283405
weighted+remat,corpus:gemm_control,insns,5149.0,4756.0,1.082632464255677
weighted+remat,corpus:gemm_control,ldr_sp,976.0,974.0,1.002053388090349
weighted+remat,corpus:gemm_control,str_sp,1086.0,877.0,1.2383124287343215
weighted+remat,corpus:gemm_control,ldp_sp,0.0,0.0,
weighted+remat,corpus:gemm_control,stp_sp,0.0,0.0,
weighted+remat,corpus:gemm_control,mov_imm,971.0,789.0,1.2306717363751585
weighted+remat,corpus:gemm_control,objects,1.0,1.0,1.0
weighted+remat,corpus:gemm_control,kfn_insns,254.0,151.0,1.6821192052980132
weighted+remat,corpus:gemm_control,kfn_ldr_sp,72.0,36.0,2.0
weighted+remat,corpus:gemm_control,kfn_str_sp,81.0,23.0,3.5217391304347827
weighted+remat,corpus:gemm_control,kfn_ldp_sp,0.0,0.0,
weighted+remat,corpus:gemm_control,kfn_stp_sp,0.0,0.0,
weighted+remat,corpus:gemm_control,kfn_mov_imm,41.0,32.0,1.28125
weighted+remat,corpus:gemm_control,kfn_symbols,1.0,1.0,1.0
weighted+remat,corpus:gemm_control,correct,1.0,1.0,1.0
weighted+remat,corpus:gemm_control,run_median_s,20.867943,4.648336,4.489336183959163
weighted+remat,corpus:gemm_control,run_min_s,20.281184,4.599431,4.4094984792684135
weighted+remat,corpus:gemm_tiled,compile_s,6.912,6.897,1.0021748586341888
weighted+remat,corpus:gemm_tiled,obj_bytes,32568.0,30320.0,1.0741424802110817
weighted+remat,corpus:gemm_tiled,text_bytes,28959.0,26711.0,1.0841600838605818
weighted+remat,corpus:gemm_tiled,insns,7122.0,6560.0,1.085670731707317
weighted+remat,corpus:gemm_tiled,ldr_sp,1070.0,1028.0,1.0408560311284047
weighted+remat,corpus:gemm_tiled,str_sp,1974.0,1675.0,1.1785074626865673
weighted+remat,corpus:gemm_tiled,ldp_sp,0.0,0.0,
weighted+remat,corpus:gemm_tiled,stp_sp,0.0,0.0,
weighted+remat,corpus:gemm_tiled,mov_imm,1832.0,1613.0,1.1357718536887786
weighted+remat,corpus:gemm_tiled,objects,1.0,1.0,1.0
weighted+remat,corpus:gemm_tiled,kfn_insns,2290.0,2018.0,1.134786917740337
weighted+remat,corpus:gemm_tiled,kfn_ldr_sp,197.0,121.0,1.628099173553719
weighted+remat,corpus:gemm_tiled,kfn_str_sp,991.0,843.0,1.1755634638196917
weighted+remat,corpus:gemm_tiled,kfn_ldp_sp,0.0,0.0,
weighted+remat,corpus:gemm_tiled,kfn_stp_sp,0.0,0.0,
weighted+remat,corpus:gemm_tiled,kfn_mov_imm,905.0,859.0,1.0535506402793946
weighted+remat,corpus:gemm_tiled,kfn_symbols,1.0,1.0,1.0
weighted+remat,corpus:gemm_tiled,correct,1.0,1.0,1.0
weighted+remat,corpus:gemm_tiled,run_median_s,85.415242,21.268538,4.016037303551378
weighted+remat,corpus:gemm_tiled,run_min_s,83.554262,19.080657,4.379003406434066
weighted+remat,corpus:histogram,compile_s,6.169,6.182,0.9978971206729212
weighted+remat,corpus:histogram,obj_bytes,26680.0,25016.0,1.0665174288455388
weighted+remat,corpus:histogram,text_bytes,23091.0,21431.0,1.0774578881060146
weighted+remat,corpus:histogram,insns,5655.0,5240.0,1.0791984732824427
weighted+remat,corpus:histogram,ldr_sp,942.0,938.0,1.004264392324094
weighted+remat,corpus:histogram,str_sp,1324.0,1109.0,1.193868349864743
weighted+remat,corpus:histogram,ldp_sp,0.0,0.0,
weighted+remat,corpus:histogram,stp_sp,0.0,0.0,
weighted+remat,corpus:histogram,mov_imm,1253.0,1057.0,1.185430463576159
weighted+remat,corpus:histogram,objects,1.0,1.0,1.0
weighted+remat,corpus:histogram,kfn_insns,361.0,226.0,1.5973451327433628
weighted+remat,corpus:histogram,kfn_ldr_sp,85.0,45.0,1.8888888888888888
weighted+remat,corpus:histogram,kfn_str_sp,101.0,29.0,3.4827586206896552
weighted+remat,corpus:histogram,kfn_ldp_sp,0.0,0.0,
weighted+remat,corpus:histogram,kfn_stp_sp,0.0,0.0,
weighted+remat,corpus:histogram,kfn_mov_imm,77.0,54.0,1.4259259259259258
weighted+remat,corpus:histogram,kfn_symbols,1.0,1.0,1.0
weighted+remat,corpus:histogram,correct,1.0,1.0,1.0
weighted+remat,corpus:histogram,run_median_s,17.283079,4.955482,3.487668606202182
weighted+remat,corpus:histogram,run_min_s,16.839584,4.454142,3.780657195033297
weighted+remat+spectral,fixture:pure-rust-aarch64,compile_s,0.444,0.431,1.0301624129930396
weighted+remat+spectral,fixture:pure-rust-aarch64,obj_bytes,9728.0,9536.0,1.0201342281879195
weighted+remat+spectral,fixture:pure-rust-aarch64,text_bytes,6889.0,6697.0,1.028669553531432
weighted+remat+spectral,fixture:pure-rust-aarch64,insns,1688.0,1640.0,1.0292682926829269
weighted+remat+spectral,fixture:pure-rust-aarch64,ldr_sp,220.0,217.0,1.0138248847926268
weighted+remat+spectral,fixture:pure-rust-aarch64,str_sp,251.0,223.0,1.1255605381165918
weighted+remat+spectral,fixture:pure-rust-aarch64,ldp_sp,0.0,0.0,
weighted+remat+spectral,fixture:pure-rust-aarch64,stp_sp,0.0,0.0,
weighted+remat+spectral,fixture:pure-rust-aarch64,mov_imm,501.0,484.0,1.0351239669421488
weighted+remat+spectral,fixture:pure-rust-aarch64,objects,1.0,1.0,1.0
weighted+remat+spectral,fixture:pure-rust-aarch64,correct,1.0,1.0,1.0
weighted+remat+spectral,fixture:pure-rust-aarch64,run_median_s,0.000726,0.000979,0.7415730337078651
weighted+remat+spectral,fixture:pure-rust-aarch64,run_min_s,0.000636,0.000657,0.9680365296803651
weighted+remat+spectral,fixture:structs-aarch64,compile_s,0.126,0.126,1.0
weighted+remat+spectral,fixture:structs-aarch64,obj_bytes,2040.0,2040.0,1.0
weighted+remat+spectral,fixture:structs-aarch64,text_bytes,620.0,624.0,0.9935897435897436
weighted+remat+spectral,fixture:structs-aarch64,insns,155.0,156.0,0.9935897435897436
weighted+remat+spectral,fixture:structs-aarch64,ldr_sp,17.0,18.0,0.9444444444444444
weighted+remat+spectral,fixture:structs-aarch64,str_sp,12.0,12.0,1.0
weighted+remat+spectral,fixture:structs-aarch64,ldp_sp,0.0,0.0,
weighted+remat+spectral,fixture:structs-aarch64,stp_sp,0.0,0.0,
weighted+remat+spectral,fixture:structs-aarch64,mov_imm,51.0,51.0,1.0
weighted+remat+spectral,fixture:structs-aarch64,objects,1.0,1.0,1.0
weighted+remat+spectral,fixture:structs-aarch64,correct,1.0,1.0,1.0
weighted+remat+spectral,fixture:structs-aarch64,run_median_s,0.000745,0.000734,1.0149863760217985
weighted+remat+spectral,fixture:structs-aarch64,run_min_s,0.000566,0.000622,0.9099678456591639
weighted+remat+spectral,fixture:hello-world-aarch64,compile_s,0.145,0.133,1.0902255639097742
weighted+remat+spectral,fixture:hello-world-aarch64,obj_bytes,1728.0,1728.0,1.0
weighted+remat+spectral,fixture:hello-world-aarch64,text_bytes,351.0,351.0,1.0
weighted+remat+spectral,fixture:hello-world-aarch64,insns,85.0,85.0,1.0
weighted+remat+spectral,fixture:hello-world-aarch64,ldr_sp,13.0,13.0,1.0
weighted+remat+spectral,fixture:hello-world-aarch64,str_sp,13.0,13.0,1.0
weighted+remat+spectral,fixture:hello-world-aarch64,ldp_sp,0.0,0.0,
weighted+remat+spectral,fixture:hello-world-aarch64,stp_sp,0.0,0.0,
weighted+remat+spectral,fixture:hello-world-aarch64,mov_imm,8.0,8.0,1.0
weighted+remat+spectral,fixture:hello-world-aarch64,objects,1.0,1.0,1.0
weighted+remat+spectral,fixture:hello-world-aarch64,correct,1.0,1.0,1.0
weighted+remat+spectral,fixture:hello-world-aarch64,run_median_s,0.000981,0.000756,1.2976190476190477
weighted+remat+spectral,fixture:hello-world-aarch64,run_min_s,0.000687,0.000674,1.0192878338278932
weighted+remat+spectral,fixture:fp-aarch64,compile_s,1.675,1.657,1.0108630054315026
weighted+remat+spectral,fixture:fp-aarch64,obj_bytes,41072.0,37696.0,1.08955857385399
weighted+remat+spectral,fixture:fp-aarch64,text_bytes,34623.0,31243.0,1.108184233268252
weighted+remat+spectral,fixture:fp-aarch64,insns,8488.0,7643.0,1.1105586811461468
weighted+remat+spectral,fixture:fp-aarch64,ldr_sp,1640.0,1666.0,0.9843937575030012
weighted+remat+spectral,fixture:fp-aarch64,str_sp,2052.0,1625.0,1.2627692307692309
weighted+remat+spectral,fixture:fp-aarch64,ldp_sp,0.0,0.0,
weighted+remat+spectral,fixture:fp-aarch64,stp_sp,0.0,0.0,
weighted+remat+spectral,fixture:fp-aarch64,mov_imm,1555.0,1113.0,1.3971248876909255
weighted+remat+spectral,fixture:fp-aarch64,objects,1.0,1.0,1.0
weighted+remat+spectral,fixture:fp-aarch64,correct,1.0,1.0,1.0
weighted+remat+spectral,fixture:fp-aarch64,run_median_s,0.000885,0.000918,0.9640522875816994
weighted+remat+spectral,fixture:fp-aarch64,run_min_s,0.000694,0.000589,1.1782682512733447
weighted+remat+spectral,fixture:int128-aarch64,compile_s,5.847,5.803,1.0075822850249871
weighted+remat+spectral,fixture:int128-aarch64,obj_bytes,110256.0,103648.0,1.063754245137388
weighted+remat+spectral,fixture:int128-aarch64,text_bytes,96045.0,89437.0,1.0738844102552634
weighted+remat+spectral,fixture:int128-aarch64,insns,23476.0,21824.0,1.0756964809384164
weighted+remat+spectral,fixture:int128-aarch64,ldr_sp,4399.0,4438.0,0.991212257773772
weighted+remat+spectral,fixture:int128-aarch64,str_sp,5370.0,4422.0,1.21438263229308
weighted+remat+spectral,fixture:int128-aarch64,ldp_sp,0.0,0.0,
weighted+remat+spectral,fixture:int128-aarch64,stp_sp,0.0,0.0,
weighted+remat+spectral,fixture:int128-aarch64,mov_imm,4816.0,4073.0,1.1824208200343727
weighted+remat+spectral,fixture:int128-aarch64,objects,1.0,1.0,1.0
weighted+remat+spectral,fixture:int128-aarch64,correct,1.0,1.0,1.0
weighted+remat+spectral,fixture:int128-aarch64,run_median_s,0.001007,0.000889,1.1327334083239595
weighted+remat+spectral,fixture:int128-aarch64,run_min_s,0.000695,0.000699,0.9942775393419171
weighted+remat+spectral,fixture:hashmap-aarch64,compile_s,8.469,8.322,1.0176640230713772
weighted+remat+spectral,fixture:hashmap-aarch64,obj_bytes,173240.0,147512.0,1.174412929117631
weighted+remat+spectral,fixture:hashmap-aarch64,text_bytes,158049.0,132321.0,1.1944362572834244
weighted+remat+spectral,fixture:hashmap-aarch64,insns,39408.0,32976.0,1.1950509461426493
weighted+remat+spectral,fixture:hashmap-aarch64,ldr_sp,7182.0,6960.0,1.0318965517241379
weighted+remat+spectral,fixture:hashmap-aarch64,str_sp,9554.0,6227.0,1.5342861731170707
weighted+remat+spectral,fixture:hashmap-aarch64,ldp_sp,0.0,0.0,
weighted+remat+spectral,fixture:hashmap-aarch64,stp_sp,0.0,0.0,
weighted+remat+spectral,fixture:hashmap-aarch64,mov_imm,9478.0,6599.0,1.4362782239733294
weighted+remat+spectral,fixture:hashmap-aarch64,objects,1.0,1.0,1.0
weighted+remat+spectral,fixture:hashmap-aarch64,correct,1.0,1.0,1.0
weighted+remat+spectral,fixture:hashmap-aarch64,run_median_s,0.001045,0.000939,1.1128860489882855
weighted+remat+spectral,fixture:hashmap-aarch64,run_min_s,0.000769,0.000606,1.268976897689769
weighted+remat+spectral,fixture:itoa-aarch64,compile_s,1.319,1.318,1.0007587253414263
weighted+remat+spectral,fixture:itoa-aarch64,obj_bytes,23144.0,22872.0,1.0118922700244841
weighted+remat+spectral,fixture:itoa-aarch64,text_bytes,19339.0,19071.0,1.0140527502490693
weighted+remat+spectral,fixture:itoa-aarch64,insns,4720.0,4653.0,1.0143993122716526
weighted+remat+spectral,fixture:itoa-aarch64,ldr_sp,922.0,1018.0,0.9056974459724951
weighted+remat+spectral,fixture:itoa-aarch64,str_sp,740.0,700.0,1.0571428571428572
weighted+remat+spectral,fixture:itoa-aarch64,ldp_sp,0.0,0.0,
weighted+remat+spectral,fixture:itoa-aarch64,stp_sp,0.0,0.0,
weighted+remat+spectral,fixture:itoa-aarch64,mov_imm,823.0,700.0,1.1757142857142857
weighted+remat+spectral,fixture:itoa-aarch64,objects,1.0,1.0,1.0
weighted+remat+spectral,fixture:itoa-aarch64,correct,1.0,1.0,1.0
weighted+remat+spectral,fixture:itoa-aarch64,run_median_s,0.000899,0.000862,1.04292343387471
weighted+remat+spectral,fixture:itoa-aarch64,run_min_s,0.000568,0.000581,0.9776247848537005
weighted+remat+spectral,fixture:oc-course,compile_s,0.166,0.169,0.9822485207100592
weighted+remat+spectral,fixture:oc-course,obj_bytes,2040.0,1992.0,1.0240963855421688
weighted+remat+spectral,fixture:oc-course,text_bytes,607.0,559.0,1.0858676207513416
weighted+remat+spectral,fixture:oc-course,insns,149.0,137.0,1.0875912408759123
weighted+remat+spectral,fixture:oc-course,ldr_sp,26.0,25.0,1.04
weighted+remat+spectral,fixture:oc-course,str_sp,28.0,22.0,1.2727272727272727
weighted+remat+spectral,fixture:oc-course,ldp_sp,0.0,0.0,
weighted+remat+spectral,fixture:oc-course,stp_sp,0.0,0.0,
weighted+remat+spectral,fixture:oc-course,mov_imm,19.0,14.0,1.3571428571428572
weighted+remat+spectral,fixture:oc-course,objects,1.0,1.0,1.0
weighted+remat+spectral,fixture:oc-course,correct,1.0,1.0,1.0
weighted+remat+spectral,fixture:oc-course,run_median_s,0.000913,0.000702,1.3005698005698005
weighted+remat+spectral,fixture:oc-course,run_min_s,0.000604,0.000573,1.0541012216404886
weighted+remat+spectral,fixture:stdin-aarch64,compile_s,8.331,8.256,1.0090843023255813
weighted+remat+spectral,fixture:stdin-aarch64,obj_bytes,66224.0,52592.0,1.2592029205962885
weighted+remat+spectral,fixture:stdin-aarch64,text_bytes,59064.0,45428.0,1.300167297701858
weighted+remat+spectral,fixture:stdin-aarch64,insns,14601.0,11192.0,1.3045925661186561
weighted+remat+spectral,fixture:stdin-aarch64,ldr_sp,2959.0,1981.0,1.4936900555275114
weighted+remat+spectral,fixture:stdin-aarch64,str_sp,3501.0,1785.0,1.961344537815126
weighted+remat+spectral,fixture:stdin-aarch64,ldp_sp,0.0,0.0,
weighted+remat+spectral,fixture:stdin-aarch64,stp_sp,0.0,0.0,
weighted+remat+spectral,fixture:stdin-aarch64,mov_imm,3334.0,2623.0,1.2710636675562332
weighted+remat+spectral,fixture:stdin-aarch64,objects,1.0,1.0,1.0
weighted+remat+spectral,fixture:stdin-aarch64,correct,1.0,1.0,1.0
weighted+remat+spectral,fixture:stdin-aarch64,run_median_s,0.000755,0.000971,0.7775489186405767
weighted+remat+spectral,fixture:stdin-aarch64,run_min_s,0.000579,0.000608,0.9523026315789472
weighted+remat+spectral,fixture:sudoku-aarch64,compile_s,1.332,1.324,1.0060422960725075
weighted+remat+spectral,fixture:sudoku-aarch64,obj_bytes,16384.0,14408.0,1.1371460299833427
weighted+remat+spectral,fixture:sudoku-aarch64,text_bytes,14444.0,12472.0,1.1581141757536884
weighted+remat+spectral,fixture:sudoku-aarch64,insns,3587.0,3094.0,1.1593406593406594
weighted+remat+spectral,fixture:sudoku-aarch64,ldr_sp,705.0,666.0,1.0585585585585586
weighted+remat+spectral,fixture:sudoku-aarch64,str_sp,932.0,677.0,1.3766617429837518
weighted+remat+spectral,fixture:sudoku-aarch64,ldp_sp,0.0,0.0,
weighted+remat+spectral,fixture:sudoku-aarch64,stp_sp,0.0,0.0,
weighted+remat+spectral,fixture:sudoku-aarch64,mov_imm,690.0,491.0,1.4052953156822812
weighted+remat+spectral,fixture:sudoku-aarch64,objects,1.0,1.0,1.0
weighted+remat+spectral,fixture:sudoku-aarch64,correct,1.0,1.0,1.0
weighted+remat+spectral,fixture:sudoku-aarch64,run_median_s,0.002772,0.001844,1.5032537960954448
weighted+remat+spectral,fixture:sudoku-aarch64,run_min_s,0.00267,0.00163,1.638036809815951
weighted+remat+spectral,fixture:sudoku-solver,compile_s,14.791,14.612,1.0122502053107036
weighted+remat+spectral,fixture:sudoku-solver,obj_bytes,124472.0,108592.0,1.1462354501252394
weighted+remat+spectral,fixture:sudoku-solver,text_bytes,116608.0,100724.0,1.1576982645645526
weighted+remat+spectral,fixture:sudoku-solver,insns,28763.0,24792.0,1.1601726363343015
weighted+remat+spectral,fixture:sudoku-solver,ldr_sp,6018.0,5614.0,1.071962949768436
weighted+remat+spectral,fixture:sudoku-solver,str_sp,7079.0,4956.0,1.4283696529459242
weighted+remat+spectral,fixture:sudoku-solver,ldp_sp,0.0,0.0,
weighted+remat+spectral,fixture:sudoku-solver,stp_sp,0.0,0.0,
weighted+remat+spectral,fixture:sudoku-solver,mov_imm,5842.0,4404.0,1.3265213442325159
weighted+remat+spectral,fixture:sudoku-solver,objects,1.0,1.0,1.0
weighted+remat+spectral,fixture:sudoku-solver,correct,1.0,1.0,1.0
weighted+remat+spectral,fixture:sudoku-solver,run_median_s,0.001051,0.00091,1.154945054945055
weighted+remat+spectral,fixture:sudoku-solver,run_min_s,0.000759,0.00073,1.0397260273972604
weighted+remat+spectral,corpus:div_recurrence,compile_s,5.72,5.651,1.0122102282781809
weighted+remat+spectral,corpus:div_recurrence,obj_bytes,24384.0,22776.0,1.0706006322444679
weighted+remat+spectral,corpus:div_recurrence,text_bytes,20755.0,19147.0,1.083981824828955
weighted+remat+spectral,corpus:div_recurrence,insns,5071.0,4669.0,1.0860998072392376
weighted+remat+spectral,corpus:div_recurrence,ldr_sp,943.0,929.0,1.0150699677072121
weighted+remat+spectral,corpus:div_recurrence,str_sp,1058.0,852.0,1.2417840375586855
weighted+remat+spectral,corpus:div_recurrence,ldp_sp,0.0,0.0,
weighted+remat+spectral,corpus:div_recurrence,stp_sp,0.0,0.0,
weighted+remat+spectral,corpus:div_recurrence,mov_imm,968.0,786.0,1.2315521628498727
weighted+remat+spectral,corpus:div_recurrence,objects,1.0,1.0,1.0
weighted+remat+spectral,corpus:div_recurrence,kfn_insns,211.0,132.0,1.5984848484848484
weighted+remat+spectral,corpus:div_recurrence,kfn_ldr_sp,54.0,25.0,2.16
weighted+remat+spectral,corpus:div_recurrence,kfn_str_sp,63.0,20.0,3.15
weighted+remat+spectral,corpus:div_recurrence,kfn_ldp_sp,0.0,0.0,
weighted+remat+spectral,corpus:div_recurrence,kfn_stp_sp,0.0,0.0,
weighted+remat+spectral,corpus:div_recurrence,kfn_mov_imm,42.0,35.0,1.2
weighted+remat+spectral,corpus:div_recurrence,kfn_symbols,1.0,1.0,1.0
weighted+remat+spectral,corpus:div_recurrence,correct,1.0,1.0,1.0
weighted+remat+spectral,corpus:div_recurrence,run_median_s,1.836765,0.656767,2.7966767514202147
weighted+remat+spectral,corpus:div_recurrence,run_min_s,1.827367,0.647906,2.8204199374600636
weighted+remat+spectral,corpus:dot_product,compile_s,5.798,5.775,1.003982683982684
weighted+remat+spectral,corpus:dot_product,obj_bytes,29072.0,26952.0,1.0786583555951321
weighted+remat+spectral,corpus:dot_product,text_bytes,25428.0,23312.0,1.0907687028140014
weighted+remat+spectral,corpus:dot_product,insns,6272.0,5743.0,1.0921121365140172
weighted+remat+spectral,corpus:dot_product,ldr_sp,1113.0,1056.0,1.0539772727272727
weighted+remat+spectral,corpus:dot_product,str_sp,1482.0,1214.0,1.2207578253706755
weighted+remat+spectral,corpus:dot_product,ldp_sp,0.0,0.0,
weighted+remat+spectral,corpus:dot_product,stp_sp,0.0,0.0,
weighted+remat+spectral,corpus:dot_product,mov_imm,1339.0,1135.0,1.1797356828193832
weighted+remat+spectral,corpus:dot_product,objects,1.0,1.0,1.0
weighted+remat+spectral,corpus:dot_product,kfn_insns,362.0,211.0,1.7156398104265402
weighted+remat+spectral,corpus:dot_product,kfn_ldr_sp,91.0,44.0,2.0681818181818183
weighted+remat+spectral,corpus:dot_product,kfn_str_sp,109.0,27.0,4.037037037037037
weighted+remat+spectral,corpus:dot_product,kfn_ldp_sp,0.0,0.0,
weighted+remat+spectral,corpus:dot_product,kfn_stp_sp,0.0,0.0,
weighted+remat+spectral,corpus:dot_product,kfn_mov_imm,71.0,49.0,1.4489795918367347
weighted+remat+spectral,corpus:dot_product,kfn_symbols,1.0,1.0,1.0
weighted+remat+spectral,corpus:dot_product,correct,1.0,1.0,1.0
weighted+remat+spectral,corpus:dot_product,run_median_s,10.907673,3.421678,3.187813990679427
weighted+remat+spectral,corpus:dot_product,run_min_s,10.896127,3.412091,3.193386987627235
weighted+remat+spectral,corpus:elementwise_chain,compile_s,6.534,5.638,1.158921603405463
weighted+remat+spectral,corpus:elementwise_chain,obj_bytes,25424.0,23472.0,1.0831629175187458
weighted+remat+spectral,corpus:elementwise_chain,text_bytes,21787.0,19839.0,1.0981904329855336
weighted+remat+spectral,corpus:elementwise_chain,insns,5329.0,4842.0,1.100578273440727
weighted+remat+spectral,corpus:elementwise_chain,ldr_sp,982.0,934.0,1.051391862955032
weighted+remat+spectral,corpus:elementwise_chain,str_sp,1101.0,850.0,1.295294117647059
weighted+remat+spectral,corpus:elementwise_chain,ldp_sp,0.0,0.0,
weighted+remat+spectral,corpus:elementwise_chain,stp_sp,0.0,0.0,
weighted+remat+spectral,corpus:elementwise_chain,mov_imm,1085.0,897.0,1.20958751393534
weighted+remat+spectral,corpus:elementwise_chain,objects,1.0,1.0,1.0
weighted+remat+spectral,corpus:elementwise_chain,kfn_insns,476.0,312.0,1.5256410256410255
weighted+remat+spectral,corpus:elementwise_chain,kfn_ldr_sp,96.0,33.0,2.909090909090909
weighted+remat+spectral,corpus:elementwise_chain,kfn_str_sp,109.0,21.0,5.190476190476191
weighted+remat+spectral,corpus:elementwise_chain,kfn_ldp_sp,0.0,0.0,
weighted+remat+spectral,corpus:elementwise_chain,kfn_stp_sp,0.0,0.0,
weighted+remat+spectral,corpus:elementwise_chain,kfn_mov_imm,156.0,143.0,1.0909090909090908
weighted+remat+spectral,corpus:elementwise_chain,kfn_symbols,1.0,1.0,1.0
weighted+remat+spectral,corpus:elementwise_chain,correct,1.0,1.0,1.0
weighted+remat+spectral,corpus:elementwise_chain,run_median_s,21.240787,5.312785,3.99805130454178
weighted+remat+spectral,corpus:elementwise_chain,run_min_s,17.848506,5.07029,3.520214031150092
weighted+remat+spectral,corpus:gemm_control,compile_s,6.659,6.523,1.0208493024681895
weighted+remat+spectral,corpus:gemm_control,obj_bytes,24816.0,23112.0,1.0737279335410177
weighted+remat+spectral,corpus:gemm_control,text_bytes,21199.0,19495.0,1.0874070274429342
weighted+remat+spectral,corpus:gemm_control,insns,5182.0,4756.0,1.0895710681244744
weighted+remat+spectral,corpus:gemm_control,ldr_sp,993.0,974.0,1.0195071868583163
weighted+remat+spectral,corpus:gemm_control,str_sp,1098.0,877.0,1.2519954389965793
weighted+remat+spectral,corpus:gemm_control,ldp_sp,0.0,0.0,
weighted+remat+spectral,corpus:gemm_control,stp_sp,0.0,0.0,
weighted+remat+spectral,corpus:gemm_control,mov_imm,975.0,789.0,1.2357414448669202
weighted+remat+spectral,corpus:gemm_control,objects,1.0,1.0,1.0
weighted+remat+spectral,corpus:gemm_control,kfn_insns,254.0,151.0,1.6821192052980132
weighted+remat+spectral,corpus:gemm_control,kfn_ldr_sp,72.0,36.0,2.0
weighted+remat+spectral,corpus:gemm_control,kfn_str_sp,81.0,23.0,3.5217391304347827
weighted+remat+spectral,corpus:gemm_control,kfn_ldp_sp,0.0,0.0,
weighted+remat+spectral,corpus:gemm_control,kfn_stp_sp,0.0,0.0,
weighted+remat+spectral,corpus:gemm_control,kfn_mov_imm,41.0,32.0,1.28125
weighted+remat+spectral,corpus:gemm_control,kfn_symbols,1.0,1.0,1.0
weighted+remat+spectral,corpus:gemm_control,correct,1.0,1.0,1.0
weighted+remat+spectral,corpus:gemm_control,run_median_s,21.485208,4.648336,4.622128865039016
weighted+remat+spectral,corpus:gemm_control,run_min_s,20.344084,4.599431,4.423174083924729
weighted+remat+spectral,corpus:gemm_tiled,compile_s,6.527,6.897,0.9463534870233434
weighted+remat+spectral,corpus:gemm_tiled,obj_bytes,32704.0,30320.0,1.078627968337731
weighted+remat+spectral,corpus:gemm_tiled,text_bytes,29091.0,26711.0,1.0891018681442102
weighted+remat+spectral,corpus:gemm_tiled,insns,7155.0,6560.0,1.0907012195121952
weighted+remat+spectral,corpus:gemm_tiled,ldr_sp,1087.0,1028.0,1.0573929961089494
weighted+remat+spectral,corpus:gemm_tiled,str_sp,1986.0,1675.0,1.1856716417910447
weighted+remat+spectral,corpus:gemm_tiled,ldp_sp,0.0,0.0,
weighted+remat+spectral,corpus:gemm_tiled,stp_sp,0.0,0.0,
weighted+remat+spectral,corpus:gemm_tiled,mov_imm,1836.0,1613.0,1.138251704897706
weighted+remat+spectral,corpus:gemm_tiled,objects,1.0,1.0,1.0
weighted+remat+spectral,corpus:gemm_tiled,kfn_insns,2290.0,2018.0,1.134786917740337
weighted+remat+spectral,corpus:gemm_tiled,kfn_ldr_sp,197.0,121.0,1.628099173553719
weighted+remat+spectral,corpus:gemm_tiled,kfn_str_sp,991.0,843.0,1.1755634638196917
weighted+remat+spectral,corpus:gemm_tiled,kfn_ldp_sp,0.0,0.0,
weighted+remat+spectral,corpus:gemm_tiled,kfn_stp_sp,0.0,0.0,
weighted+remat+spectral,corpus:gemm_tiled,kfn_mov_imm,905.0,859.0,1.0535506402793946
weighted+remat+spectral,corpus:gemm_tiled,kfn_symbols,1.0,1.0,1.0
weighted+remat+spectral,corpus:gemm_tiled,correct,1.0,1.0,1.0
weighted+remat+spectral,corpus:gemm_tiled,run_median_s,85.608863,21.268538,4.025140938225279
weighted+remat+spectral,corpus:gemm_tiled,run_min_s,83.482231,19.080657,4.375228326781411
weighted+remat+spectral,corpus:histogram,compile_s,6.239,6.182,1.0092203170494984
weighted+remat+spectral,corpus:histogram,obj_bytes,26808.0,25016.0,1.0716341541413494
weighted+remat+spectral,corpus:histogram,text_bytes,23223.0,21431.0,1.0836171900517941
weighted+remat+spectral,corpus:histogram,insns,5688.0,5240.0,1.085496183206107
weighted+remat+spectral,corpus:histogram,ldr_sp,960.0,938.0,1.023454157782516
weighted+remat+spectral,corpus:histogram,str_sp,1335.0,1109.0,1.2037871956717763
weighted+remat+spectral,corpus:histogram,ldp_sp,0.0,0.0,
weighted+remat+spectral,corpus:histogram,stp_sp,0.0,0.0,
weighted+remat+spectral,corpus:histogram,mov_imm,1257.0,1057.0,1.1892147587511825
weighted+remat+spectral,corpus:histogram,objects,1.0,1.0,1.0
weighted+remat+spectral,corpus:histogram,kfn_insns,361.0,226.0,1.5973451327433628
weighted+remat+spectral,corpus:histogram,kfn_ldr_sp,86.0,45.0,1.9111111111111112
weighted+remat+spectral,corpus:histogram,kfn_str_sp,100.0,29.0,3.4482758620689653
weighted+remat+spectral,corpus:histogram,kfn_ldp_sp,0.0,0.0,
weighted+remat+spectral,corpus:histogram,kfn_stp_sp,0.0,0.0,
weighted+remat+spectral,corpus:histogram,kfn_mov_imm,77.0,54.0,1.4259259259259258
weighted+remat+spectral,corpus:histogram,kfn_symbols,1.0,1.0,1.0
weighted+remat+spectral,corpus:histogram,correct,1.0,1.0,1.0
weighted+remat+spectral,corpus:histogram,run_median_s,17.131756,4.955482,3.4571321215574993
weighted+remat+spectral,corpus:histogram,run_min_s,16.84914,4.454142,3.7828026138367385
eregalloc-c0,fixture:pure-rust-aarch64,compile_s,0.426,0.431,0.988399071925754
eregalloc-c0,fixture:pure-rust-aarch64,obj_bytes,9536.0,9536.0,1.0
eregalloc-c0,fixture:pure-rust-aarch64,text_bytes,6697.0,6697.0,1.0
eregalloc-c0,fixture:pure-rust-aarch64,insns,1640.0,1640.0,1.0
eregalloc-c0,fixture:pure-rust-aarch64,ldr_sp,208.0,217.0,0.9585253456221198
eregalloc-c0,fixture:pure-rust-aarch64,str_sp,223.0,223.0,1.0
eregalloc-c0,fixture:pure-rust-aarch64,ldp_sp,0.0,0.0,
eregalloc-c0,fixture:pure-rust-aarch64,stp_sp,0.0,0.0,
eregalloc-c0,fixture:pure-rust-aarch64,mov_imm,493.0,484.0,1.0185950413223142
eregalloc-c0,fixture:pure-rust-aarch64,objects,1.0,1.0,1.0
eregalloc-c0,fixture:pure-rust-aarch64,correct,1.0,1.0,1.0
eregalloc-c0,fixture:pure-rust-aarch64,run_median_s,0.000495,0.000979,0.5056179775280899
eregalloc-c0,fixture:pure-rust-aarch64,run_min_s,0.000446,0.000657,0.6788432267884322
eregalloc-c0,fixture:structs-aarch64,compile_s,0.131,0.126,1.0396825396825398
eregalloc-c0,fixture:structs-aarch64,obj_bytes,2040.0,2040.0,1.0
eregalloc-c0,fixture:structs-aarch64,text_bytes,620.0,624.0,0.9935897435897436
eregalloc-c0,fixture:structs-aarch64,insns,155.0,156.0,0.9935897435897436
eregalloc-c0,fixture:structs-aarch64,ldr_sp,17.0,18.0,0.9444444444444444
eregalloc-c0,fixture:structs-aarch64,str_sp,12.0,12.0,1.0
eregalloc-c0,fixture:structs-aarch64,ldp_sp,0.0,0.0,
eregalloc-c0,fixture:structs-aarch64,stp_sp,0.0,0.0,
eregalloc-c0,fixture:structs-aarch64,mov_imm,51.0,51.0,1.0
eregalloc-c0,fixture:structs-aarch64,objects,1.0,1.0,1.0
eregalloc-c0,fixture:structs-aarch64,correct,1.0,1.0,1.0
eregalloc-c0,fixture:structs-aarch64,run_median_s,0.000747,0.000734,1.0177111716621254
eregalloc-c0,fixture:structs-aarch64,run_min_s,0.000631,0.000622,1.0144694533762058
eregalloc-c0,fixture:hello-world-aarch64,compile_s,0.145,0.133,1.0902255639097742
eregalloc-c0,fixture:hello-world-aarch64,obj_bytes,1728.0,1728.0,1.0
eregalloc-c0,fixture:hello-world-aarch64,text_bytes,351.0,351.0,1.0
eregalloc-c0,fixture:hello-world-aarch64,insns,85.0,85.0,1.0
eregalloc-c0,fixture:hello-world-aarch64,ldr_sp,13.0,13.0,1.0
eregalloc-c0,fixture:hello-world-aarch64,str_sp,13.0,13.0,1.0
eregalloc-c0,fixture:hello-world-aarch64,ldp_sp,0.0,0.0,
eregalloc-c0,fixture:hello-world-aarch64,stp_sp,0.0,0.0,
eregalloc-c0,fixture:hello-world-aarch64,mov_imm,8.0,8.0,1.0
eregalloc-c0,fixture:hello-world-aarch64,objects,1.0,1.0,1.0
eregalloc-c0,fixture:hello-world-aarch64,correct,1.0,1.0,1.0
eregalloc-c0,fixture:hello-world-aarch64,run_median_s,0.000978,0.000756,1.2936507936507935
eregalloc-c0,fixture:hello-world-aarch64,run_min_s,0.000654,0.000674,0.9703264094955489
eregalloc-c0,fixture:fp-aarch64,compile_s,2.097,1.657,1.2655401327700664
eregalloc-c0,fixture:fp-aarch64,obj_bytes,37696.0,37696.0,1.0
eregalloc-c0,fixture:fp-aarch64,text_bytes,31247.0,31243.0,1.000128028678424
eregalloc-c0,fixture:fp-aarch64,insns,7644.0,7643.0,1.0001308386759127
eregalloc-c0,fixture:fp-aarch64,ldr_sp,1639.0,1666.0,0.9837935174069627
eregalloc-c0,fixture:fp-aarch64,str_sp,1633.0,1625.0,1.004923076923077
eregalloc-c0,fixture:fp-aarch64,ldp_sp,0.0,0.0,
eregalloc-c0,fixture:fp-aarch64,stp_sp,0.0,0.0,
eregalloc-c0,fixture:fp-aarch64,mov_imm,1133.0,1113.0,1.0179694519317162
eregalloc-c0,fixture:fp-aarch64,objects,1.0,1.0,1.0
eregalloc-c0,fixture:fp-aarch64,correct,1.0,1.0,1.0
eregalloc-c0,fixture:fp-aarch64,run_median_s,0.000831,0.000918,0.9052287581699346
eregalloc-c0,fixture:fp-aarch64,run_min_s,0.000684,0.000589,1.1612903225806452
eregalloc-c0,fixture:int128-aarch64,compile_s,6.326,5.803,1.0901257970015508
eregalloc-c0,fixture:int128-aarch64,obj_bytes,104184.0,103648.0,1.0051713491818461
eregalloc-c0,fixture:int128-aarch64,text_bytes,89969.0,89437.0,1.0059483211646187
eregalloc-c0,fixture:int128-aarch64,insns,21957.0,21824.0,1.0060942082111437
eregalloc-c0,fixture:int128-aarch64,ldr_sp,4284.0,4438.0,0.9652996845425867
eregalloc-c0,fixture:int128-aarch64,str_sp,4546.0,4422.0,1.0280416101311625
eregalloc-c0,fixture:int128-aarch64,ldp_sp,0.0,0.0,
eregalloc-c0,fixture:int128-aarch64,stp_sp,0.0,0.0,
eregalloc-c0,fixture:int128-aarch64,mov_imm,4231.0,4073.0,1.0387920451755464
eregalloc-c0,fixture:int128-aarch64,objects,1.0,1.0,1.0
eregalloc-c0,fixture:int128-aarch64,correct,1.0,1.0,1.0
eregalloc-c0,fixture:int128-aarch64,run_median_s,0.00102,0.000889,1.1473565804274466
eregalloc-c0,fixture:int128-aarch64,run_min_s,0.000683,0.000699,0.9771101573676682
eregalloc-c0,fixture:hashmap-aarch64,compile_s,9.245,8.322,1.1109108387406874
eregalloc-c0,fixture:hashmap-aarch64,obj_bytes,147632.0,147512.0,1.0008134931395412
eregalloc-c0,fixture:hashmap-aarch64,text_bytes,132441.0,132321.0,1.0009068855283743
eregalloc-c0,fixture:hashmap-aarch64,insns,33006.0,32976.0,1.0009097525473072
eregalloc-c0,fixture:hashmap-aarch64,ldr_sp,6640.0,6960.0,0.9540229885057471
eregalloc-c0,fixture:hashmap-aarch64,str_sp,6355.0,6227.0,1.0205556447727637
eregalloc-c0,fixture:hashmap-aarch64,ldp_sp,0.0,0.0,
eregalloc-c0,fixture:hashmap-aarch64,stp_sp,0.0,0.0,
eregalloc-c0,fixture:hashmap-aarch64,mov_imm,6817.0,6599.0,1.0330353083800576
eregalloc-c0,fixture:hashmap-aarch64,objects,1.0,1.0,1.0
eregalloc-c0,fixture:hashmap-aarch64,correct,1.0,1.0,1.0
eregalloc-c0,fixture:hashmap-aarch64,run_median_s,0.001036,0.000939,1.1033013844515442
eregalloc-c0,fixture:hashmap-aarch64,run_min_s,0.000738,0.000606,1.217821782178218
eregalloc-c0,fixture:itoa-aarch64,compile_s,1.346,1.318,1.0212443095599393
eregalloc-c0,fixture:itoa-aarch64,obj_bytes,22888.0,22872.0,1.0006995452955578
eregalloc-c0,fixture:itoa-aarch64,text_bytes,19083.0,19071.0,1.0006292276230926
eregalloc-c0,fixture:itoa-aarch64,insns,4656.0,4653.0,1.0006447453255964
eregalloc-c0,fixture:itoa-aarch64,ldr_sp,927.0,1018.0,0.9106090373280943
eregalloc-c0,fixture:itoa-aarch64,str_sp,694.0,700.0,0.9914285714285714
eregalloc-c0,fixture:itoa-aarch64,ldp_sp,0.0,0.0,
eregalloc-c0,fixture:itoa-aarch64,stp_sp,0.0,0.0,
eregalloc-c0,fixture:itoa-aarch64,mov_imm,792.0,700.0,1.1314285714285715
eregalloc-c0,fixture:itoa-aarch64,objects,1.0,1.0,1.0
eregalloc-c0,fixture:itoa-aarch64,correct,1.0,1.0,1.0
eregalloc-c0,fixture:itoa-aarch64,run_median_s,0.000903,0.000862,1.0475638051044083
eregalloc-c0,fixture:itoa-aarch64,run_min_s,0.00056,0.000581,0.9638554216867469
eregalloc-c0,fixture:oc-course,compile_s,0.141,0.169,0.8343195266272188
eregalloc-c0,fixture:oc-course,obj_bytes,2000.0,1992.0,1.0040160642570282
eregalloc-c0,fixture:oc-course,text_bytes,563.0,559.0,1.0071556350626119
eregalloc-c0,fixture:oc-course,insns,138.0,137.0,1.0072992700729928
eregalloc-c0,fixture:oc-course,ldr_sp,25.0,25.0,1.0
eregalloc-c0,fixture:oc-course,str_sp,23.0,22.0,1.0454545454545454
eregalloc-c0,fixture:oc-course,ldp_sp,0.0,0.0,
eregalloc-c0,fixture:oc-course,stp_sp,0.0,0.0,
eregalloc-c0,fixture:oc-course,mov_imm,14.0,14.0,1.0
eregalloc-c0,fixture:oc-course,objects,1.0,1.0,1.0
eregalloc-c0,fixture:oc-course,correct,1.0,1.0,1.0
eregalloc-c0,fixture:oc-course,run_median_s,0.000888,0.000702,1.264957264957265
eregalloc-c0,fixture:oc-course,run_min_s,0.000583,0.000573,1.0174520069808026
eregalloc-c0,fixture:stdin-aarch64,compile_s,8.392,8.256,1.016472868217054
eregalloc-c0,fixture:stdin-aarch64,obj_bytes,53200.0,52592.0,1.0115606936416186
eregalloc-c0,fixture:stdin-aarch64,text_bytes,46040.0,45428.0,1.0134718675706613
eregalloc-c0,fixture:stdin-aarch64,insns,11345.0,11192.0,1.0136704789135096
eregalloc-c0,fixture:stdin-aarch64,ldr_sp,1967.0,1981.0,0.9929328621908127
eregalloc-c0,fixture:stdin-aarch64,str_sp,1866.0,1785.0,1.0453781512605043
eregalloc-c0,fixture:stdin-aarch64,ldp_sp,0.0,0.0,
eregalloc-c0,fixture:stdin-aarch64,stp_sp,0.0,0.0,
eregalloc-c0,fixture:stdin-aarch64,mov_imm,2704.0,2623.0,1.030880670987419
eregalloc-c0,fixture:stdin-aarch64,objects,1.0,1.0,1.0
eregalloc-c0,fixture:stdin-aarch64,correct,1.0,1.0,1.0
eregalloc-c0,fixture:stdin-aarch64,run_median_s,0.000938,0.000971,0.9660144181256437
eregalloc-c0,fixture:stdin-aarch64,run_min_s,0.000647,0.000608,1.0641447368421053
eregalloc-c0,fixture:sudoku-aarch64,compile_s,1.371,1.324,1.0354984894259818
eregalloc-c0,fixture:sudoku-aarch64,obj_bytes,14464.0,14408.0,1.0038867295946696
eregalloc-c0,fixture:sudoku-aarch64,text_bytes,12524.0,12472.0,1.004169339320077
eregalloc-c0,fixture:sudoku-aarch64,insns,3107.0,3094.0,1.004201680672269
eregalloc-c0,fixture:sudoku-aarch64,ldr_sp,649.0,666.0,0.9744744744744744
eregalloc-c0,fixture:sudoku-aarch64,str_sp,685.0,677.0,1.0118168389955686
eregalloc-c0,fixture:sudoku-aarch64,ldp_sp,0.0,0.0,
eregalloc-c0,fixture:sudoku-aarch64,stp_sp,0.0,0.0,
eregalloc-c0,fixture:sudoku-aarch64,mov_imm,510.0,491.0,1.0386965376782078
eregalloc-c0,fixture:sudoku-aarch64,objects,1.0,1.0,1.0
eregalloc-c0,fixture:sudoku-aarch64,correct,1.0,1.0,1.0
eregalloc-c0,fixture:sudoku-aarch64,run_median_s,0.00191,0.001844,1.0357917570498916
eregalloc-c0,fixture:sudoku-aarch64,run_min_s,0.001555,0.00163,0.9539877300613497
eregalloc-c0,fixture:sudoku-solver,compile_s,15.393,14.612,1.0534492198193266
eregalloc-c0,fixture:sudoku-solver,obj_bytes,108416.0,108592.0,0.9983792544570502
eregalloc-c0,fixture:sudoku-solver,text_bytes,100548.0,100724.0,0.998252650808149
eregalloc-c0,fixture:sudoku-solver,insns,24748.0,24792.0,0.9982252339464344
eregalloc-c0,fixture:sudoku-solver,ldr_sp,5295.0,5614.0,0.9431777698610616
eregalloc-c0,fixture:sudoku-solver,str_sp,5057.0,4956.0,1.0203793381759483
eregalloc-c0,fixture:sudoku-solver,ldp_sp,0.0,0.0,
eregalloc-c0,fixture:sudoku-solver,stp_sp,0.0,0.0,
eregalloc-c0,fixture:sudoku-solver,mov_imm,4561.0,4404.0,1.0356494096276112
eregalloc-c0,fixture:sudoku-solver,objects,1.0,1.0,1.0
eregalloc-c0,fixture:sudoku-solver,correct,1.0,1.0,1.0
eregalloc-c0,fixture:sudoku-solver,run_median_s,0.000781,0.00091,0.8582417582417583
eregalloc-c0,fixture:sudoku-solver,run_min_s,0.00065,0.00073,0.8904109589041096
eregalloc-c0,corpus:div_recurrence,compile_s,5.731,5.651,1.0141567864094851
eregalloc-c0,corpus:div_recurrence,obj_bytes,23136.0,22776.0,1.0158061116965227
eregalloc-c0,corpus:div_recurrence,text_bytes,19507.0,19147.0,1.0188019010811094
eregalloc-c0,corpus:div_recurrence,insns,4759.0,4669.0,1.0192760762475905
eregalloc-c0,corpus:div_recurrence,ldr_sp,899.0,929.0,0.9677072120559742
eregalloc-c0,corpus:div_recurrence,str_sp,904.0,852.0,1.0610328638497653
eregalloc-c0,corpus:div_recurrence,ldp_sp,0.0,0.0,
eregalloc-c0,corpus:div_recurrence,stp_sp,0.0,0.0,
eregalloc-c0,corpus:div_recurrence,mov_imm,850.0,786.0,1.0814249363867685
eregalloc-c0,corpus:div_recurrence,objects,1.0,1.0,1.0
eregalloc-c0,corpus:div_recurrence,kfn_insns,133.0,132.0,1.0075757575757576
eregalloc-c0,corpus:div_recurrence,kfn_ldr_sp,25.0,25.0,1.0
eregalloc-c0,corpus:div_recurrence,kfn_str_sp,21.0,20.0,1.05
eregalloc-c0,corpus:div_recurrence,kfn_ldp_sp,0.0,0.0,
eregalloc-c0,corpus:div_recurrence,kfn_stp_sp,0.0,0.0,
eregalloc-c0,corpus:div_recurrence,kfn_mov_imm,35.0,35.0,1.0
eregalloc-c0,corpus:div_recurrence,kfn_symbols,1.0,1.0,1.0
eregalloc-c0,corpus:div_recurrence,correct,1.0,1.0,1.0
eregalloc-c0,corpus:div_recurrence,run_median_s,0.656118,0.656767,0.9990118261118479
eregalloc-c0,corpus:div_recurrence,run_min_s,0.646451,0.647906,0.9977543038650669
eregalloc-c0,corpus:dot_product,compile_s,5.829,5.775,1.0093506493506492
eregalloc-c0,corpus:dot_product,obj_bytes,27336.0,26952.0,1.0142475512021372
eregalloc-c0,corpus:dot_product,text_bytes,23696.0,23312.0,1.0164722031571722
eregalloc-c0,corpus:dot_product,insns,5839.0,5743.0,1.0167160020895003
eregalloc-c0,corpus:dot_product,ldr_sp,1030.0,1056.0,0.9753787878787878
eregalloc-c0,corpus:dot_product,str_sp,1269.0,1214.0,1.0453047775947282
eregalloc-c0,corpus:dot_product,ldp_sp,0.0,0.0,
eregalloc-c0,corpus:dot_product,stp_sp,0.0,0.0,
eregalloc-c0,corpus:dot_product,mov_imm,1199.0,1135.0,1.0563876651982378
eregalloc-c0,corpus:dot_product,objects,1.0,1.0,1.0
eregalloc-c0,corpus:dot_product,kfn_insns,216.0,211.0,1.0236966824644549
eregalloc-c0,corpus:dot_product,kfn_ldr_sp,46.0,44.0,1.0454545454545454
eregalloc-c0,corpus:dot_product,kfn_str_sp,30.0,27.0,1.1111111111111112
eregalloc-c0,corpus:dot_product,kfn_ldp_sp,0.0,0.0,
eregalloc-c0,corpus:dot_product,kfn_stp_sp,0.0,0.0,
eregalloc-c0,corpus:dot_product,kfn_mov_imm,49.0,49.0,1.0
eregalloc-c0,corpus:dot_product,kfn_symbols,1.0,1.0,1.0
eregalloc-c0,corpus:dot_product,correct,1.0,1.0,1.0
eregalloc-c0,corpus:dot_product,run_median_s,3.695825,3.421678,1.0801206308717537
eregalloc-c0,corpus:dot_product,run_min_s,3.677946,3.412091,1.0779155655578938
eregalloc-c0,corpus:elementwise_chain,compile_s,6.568,5.638,1.1649521106775451
eregalloc-c0,corpus:elementwise_chain,obj_bytes,23848.0,23472.0,1.0160190865712337
eregalloc-c0,corpus:elementwise_chain,text_bytes,20211.0,19839.0,1.0187509451081205
eregalloc-c0,corpus:elementwise_chain,insns,4935.0,4842.0,1.0192069392812888
eregalloc-c0,corpus:elementwise_chain,ldr_sp,904.0,934.0,0.9678800856531049
eregalloc-c0,corpus:elementwise_chain,str_sp,903.0,850.0,1.0623529411764705
eregalloc-c0,corpus:elementwise_chain,ldp_sp,0.0,0.0,
eregalloc-c0,corpus:elementwise_chain,stp_sp,0.0,0.0,
eregalloc-c0,corpus:elementwise_chain,mov_imm,963.0,897.0,1.0735785953177257
eregalloc-c0,corpus:elementwise_chain,objects,1.0,1.0,1.0
eregalloc-c0,corpus:elementwise_chain,kfn_insns,316.0,312.0,1.0128205128205128
eregalloc-c0,corpus:elementwise_chain,kfn_ldr_sp,33.0,33.0,1.0
eregalloc-c0,corpus:elementwise_chain,kfn_str_sp,23.0,21.0,1.0952380952380953
eregalloc-c0,corpus:elementwise_chain,kfn_ldp_sp,0.0,0.0,
eregalloc-c0,corpus:elementwise_chain,kfn_stp_sp,0.0,0.0,
eregalloc-c0,corpus:elementwise_chain,kfn_mov_imm,145.0,143.0,1.013986013986014
eregalloc-c0,corpus:elementwise_chain,kfn_symbols,1.0,1.0,1.0
eregalloc-c0,corpus:elementwise_chain,correct,1.0,1.0,1.0
eregalloc-c0,corpus:elementwise_chain,run_median_s,7.10478,5.312785,1.337298610803938
eregalloc-c0,corpus:elementwise_chain,run_min_s,6.67539,5.07029,1.3165696636681532
eregalloc-c0,corpus:gemm_control,compile_s,6.526,6.523,1.0004599110838572
eregalloc-c0,corpus:gemm_control,obj_bytes,23488.0,23112.0,1.0162686050536518
eregalloc-c0,corpus:gemm_control,text_bytes,19867.0,19495.0,1.019081815850218
eregalloc-c0,corpus:gemm_control,insns,4849.0,4756.0,1.0195542472666106
eregalloc-c0,corpus:gemm_control,ldr_sp,945.0,974.0,0.9702258726899384
eregalloc-c0,corpus:gemm_control,str_sp,931.0,877.0,1.0615735461801596
eregalloc-c0,corpus:gemm_control,ldp_sp,0.0,0.0,
eregalloc-c0,corpus:gemm_control,stp_sp,0.0,0.0,
eregalloc-c0,corpus:gemm_control,mov_imm,853.0,789.0,1.0811153358681875
eregalloc-c0,corpus:gemm_control,objects,1.0,1.0,1.0
eregalloc-c0,corpus:gemm_control,kfn_insns,155.0,151.0,1.0264900662251655
eregalloc-c0,corpus:gemm_control,kfn_ldr_sp,37.0,36.0,1.0277777777777777
eregalloc-c0,corpus:gemm_control,kfn_str_sp,26.0,23.0,1.1304347826086956
eregalloc-c0,corpus:gemm_control,kfn_ldp_sp,0.0,0.0,
eregalloc-c0,corpus:gemm_control,kfn_stp_sp,0.0,0.0,
eregalloc-c0,corpus:gemm_control,kfn_mov_imm,32.0,32.0,1.0
eregalloc-c0,corpus:gemm_control,kfn_symbols,1.0,1.0,1.0
eregalloc-c0,corpus:gemm_control,correct,1.0,1.0,1.0
eregalloc-c0,corpus:gemm_control,run_median_s,4.583552,4.648336,0.9860629696304227
eregalloc-c0,corpus:gemm_control,run_min_s,4.547475,4.599431,0.988703820102965
eregalloc-c0,corpus:gemm_tiled,compile_s,6.834,6.897,0.990865593736407
eregalloc-c0,corpus:gemm_tiled,obj_bytes,30704.0,30320.0,1.0126649076517151
eregalloc-c0,corpus:gemm_tiled,text_bytes,27095.0,26711.0,1.014376099734192
eregalloc-c0,corpus:gemm_tiled,insns,6656.0,6560.0,1.0146341463414634
eregalloc-c0,corpus:gemm_tiled,ldr_sp,998.0,1028.0,0.9708171206225681
eregalloc-c0,corpus:gemm_tiled,str_sp,1731.0,1675.0,1.0334328358208955
eregalloc-c0,corpus:gemm_tiled,ldp_sp,0.0,0.0,
eregalloc-c0,corpus:gemm_tiled,stp_sp,0.0,0.0,
eregalloc-c0,corpus:gemm_tiled,mov_imm,1679.0,1613.0,1.0409175449473032
eregalloc-c0,corpus:gemm_tiled,objects,1.0,1.0,1.0
eregalloc-c0,corpus:gemm_tiled,kfn_insns,2025.0,2018.0,1.0034687809712586
eregalloc-c0,corpus:gemm_tiled,kfn_ldr_sp,121.0,121.0,1.0
eregalloc-c0,corpus:gemm_tiled,kfn_str_sp,848.0,843.0,1.0059311981020167
eregalloc-c0,corpus:gemm_tiled,kfn_ldp_sp,0.0,0.0,
eregalloc-c0,corpus:gemm_tiled,kfn_stp_sp,0.0,0.0,
eregalloc-c0,corpus:gemm_tiled,kfn_mov_imm,861.0,859.0,1.0023282887077998
eregalloc-c0,corpus:gemm_tiled,kfn_symbols,1.0,1.0,1.0
eregalloc-c0,corpus:gemm_tiled,correct,1.0,1.0,1.0
eregalloc-c0,corpus:gemm_tiled,run_median_s,20.202074,21.268538,0.9498572022204818
eregalloc-c0,corpus:gemm_tiled,run_min_s,19.868914,19.080657,1.0413118374278203
eregalloc-c0,corpus:histogram,compile_s,7.994,6.182,1.2931090262051115
eregalloc-c0,corpus:histogram,obj_bytes,25392.0,25016.0,1.0150303805564438
eregalloc-c0,corpus:histogram,text_bytes,21807.0,21431.0,1.017544678269796
eregalloc-c0,corpus:histogram,insns,5334.0,5240.0,1.0179389312977098
eregalloc-c0,corpus:histogram,ldr_sp,911.0,938.0,0.9712153518123667
eregalloc-c0,corpus:histogram,str_sp,1160.0,1109.0,1.0459873760144274
eregalloc-c0,corpus:histogram,ldp_sp,0.0,0.0,
eregalloc-c0,corpus:histogram,stp_sp,0.0,0.0,
eregalloc-c0,corpus:histogram,mov_imm,1123.0,1057.0,1.0624408703878903
eregalloc-c0,corpus:histogram,objects,1.0,1.0,1.0
eregalloc-c0,corpus:histogram,kfn_insns,233.0,226.0,1.0309734513274336
eregalloc-c0,corpus:histogram,kfn_ldr_sp,48.0,45.0,1.0666666666666667
eregalloc-c0,corpus:histogram,kfn_str_sp,33.0,29.0,1.1379310344827587
eregalloc-c0,corpus:histogram,kfn_ldp_sp,0.0,0.0,
eregalloc-c0,corpus:histogram,kfn_stp_sp,0.0,0.0,
eregalloc-c0,corpus:histogram,kfn_mov_imm,54.0,54.0,1.0
eregalloc-c0,corpus:histogram,kfn_symbols,1.0,1.0,1.0
eregalloc-c0,corpus:histogram,correct,1.0,1.0,1.0
eregalloc-c0,corpus:histogram,run_median_s,4.90585,4.955482,0.9899844253293625
eregalloc-c0,corpus:histogram,run_min_s,4.835357,4.454142,1.0855866292542986
eregalloc-c0+spectral,fixture:pure-rust-aarch64,compile_s,0.435,0.431,1.0092807424593968
eregalloc-c0+spectral,fixture:pure-rust-aarch64,obj_bytes,9536.0,9536.0,1.0
eregalloc-c0+spectral,fixture:pure-rust-aarch64,text_bytes,6697.0,6697.0,1.0
eregalloc-c0+spectral,fixture:pure-rust-aarch64,insns,1640.0,1640.0,1.0
eregalloc-c0+spectral,fixture:pure-rust-aarch64,ldr_sp,208.0,217.0,0.9585253456221198
eregalloc-c0+spectral,fixture:pure-rust-aarch64,str_sp,223.0,223.0,1.0
eregalloc-c0+spectral,fixture:pure-rust-aarch64,ldp_sp,0.0,0.0,
eregalloc-c0+spectral,fixture:pure-rust-aarch64,stp_sp,0.0,0.0,
eregalloc-c0+spectral,fixture:pure-rust-aarch64,mov_imm,493.0,484.0,1.0185950413223142
eregalloc-c0+spectral,fixture:pure-rust-aarch64,objects,1.0,1.0,1.0
eregalloc-c0+spectral,fixture:pure-rust-aarch64,correct,1.0,1.0,1.0
eregalloc-c0+spectral,fixture:pure-rust-aarch64,run_median_s,0.000844,0.000979,0.8621041879468846
eregalloc-c0+spectral,fixture:pure-rust-aarch64,run_min_s,0.000639,0.000657,0.9726027397260274
eregalloc-c0+spectral,fixture:structs-aarch64,compile_s,0.153,0.126,1.2142857142857142
eregalloc-c0+spectral,fixture:structs-aarch64,obj_bytes,2040.0,2040.0,1.0
eregalloc-c0+spectral,fixture:structs-aarch64,text_bytes,620.0,624.0,0.9935897435897436
eregalloc-c0+spectral,fixture:structs-aarch64,insns,155.0,156.0,0.9935897435897436
eregalloc-c0+spectral,fixture:structs-aarch64,ldr_sp,17.0,18.0,0.9444444444444444
eregalloc-c0+spectral,fixture:structs-aarch64,str_sp,12.0,12.0,1.0
eregalloc-c0+spectral,fixture:structs-aarch64,ldp_sp,0.0,0.0,
eregalloc-c0+spectral,fixture:structs-aarch64,stp_sp,0.0,0.0,
eregalloc-c0+spectral,fixture:structs-aarch64,mov_imm,51.0,51.0,1.0
eregalloc-c0+spectral,fixture:structs-aarch64,objects,1.0,1.0,1.0
eregalloc-c0+spectral,fixture:structs-aarch64,correct,1.0,1.0,1.0
eregalloc-c0+spectral,fixture:structs-aarch64,run_median_s,0.000832,0.000734,1.1335149863760219
eregalloc-c0+spectral,fixture:structs-aarch64,run_min_s,0.000654,0.000622,1.0514469453376205
eregalloc-c0+spectral,fixture:hello-world-aarch64,compile_s,0.135,0.133,1.0150375939849625
eregalloc-c0+spectral,fixture:hello-world-aarch64,obj_bytes,1728.0,1728.0,1.0
eregalloc-c0+spectral,fixture:hello-world-aarch64,text_bytes,351.0,351.0,1.0
eregalloc-c0+spectral,fixture:hello-world-aarch64,insns,85.0,85.0,1.0
eregalloc-c0+spectral,fixture:hello-world-aarch64,ldr_sp,13.0,13.0,1.0
eregalloc-c0+spectral,fixture:hello-world-aarch64,str_sp,13.0,13.0,1.0
eregalloc-c0+spectral,fixture:hello-world-aarch64,ldp_sp,0.0,0.0,
eregalloc-c0+spectral,fixture:hello-world-aarch64,stp_sp,0.0,0.0,
eregalloc-c0+spectral,fixture:hello-world-aarch64,mov_imm,8.0,8.0,1.0
eregalloc-c0+spectral,fixture:hello-world-aarch64,objects,1.0,1.0,1.0
eregalloc-c0+spectral,fixture:hello-world-aarch64,correct,1.0,1.0,1.0
eregalloc-c0+spectral,fixture:hello-world-aarch64,run_median_s,0.000882,0.000756,1.1666666666666665
eregalloc-c0+spectral,fixture:hello-world-aarch64,run_min_s,0.000554,0.000674,0.8219584569732938
eregalloc-c0+spectral,fixture:fp-aarch64,compile_s,2.108,1.657,1.2721786360893181
eregalloc-c0+spectral,fixture:fp-aarch64,obj_bytes,37696.0,37696.0,1.0
eregalloc-c0+spectral,fixture:fp-aarch64,text_bytes,31243.0,31243.0,1.0
eregalloc-c0+spectral,fixture:fp-aarch64,insns,7643.0,7643.0,1.0
eregalloc-c0+spectral,fixture:fp-aarch64,ldr_sp,1638.0,1666.0,0.9831932773109243
eregalloc-c0+spectral,fixture:fp-aarch64,str_sp,1632.0,1625.0,1.0043076923076923
eregalloc-c0+spectral,fixture:fp-aarch64,ldp_sp,0.0,0.0,
eregalloc-c0+spectral,fixture:fp-aarch64,stp_sp,0.0,0.0,
eregalloc-c0+spectral,fixture:fp-aarch64,mov_imm,1134.0,1113.0,1.0188679245283019
eregalloc-c0+spectral,fixture:fp-aarch64,objects,1.0,1.0,1.0
eregalloc-c0+spectral,fixture:fp-aarch64,correct,1.0,1.0,1.0
eregalloc-c0+spectral,fixture:fp-aarch64,run_median_s,0.000892,0.000918,0.9716775599128541
eregalloc-c0+spectral,fixture:fp-aarch64,run_min_s,0.000617,0.000589,1.0475382003395586
eregalloc-c0+spectral,fixture:int128-aarch64,compile_s,6.313,5.803,1.0878855764259865
eregalloc-c0+spectral,fixture:int128-aarch64,obj_bytes,104168.0,103648.0,1.0050169805495524
eregalloc-c0+spectral,fixture:int128-aarch64,text_bytes,89953.0,89437.0,1.0057694242874873
eregalloc-c0+spectral,fixture:int128-aarch64,insns,21953.0,21824.0,1.0059109237536656
eregalloc-c0+spectral,fixture:int128-aarch64,ldr_sp,4282.0,4438.0,0.9648490310950879
eregalloc-c0+spectral,fixture:int128-aarch64,str_sp,4543.0,4422.0,1.027363184079602
eregalloc-c0+spectral,fixture:int128-aarch64,ldp_sp,0.0,0.0,
eregalloc-c0+spectral,fixture:int128-aarch64,stp_sp,0.0,0.0,
eregalloc-c0+spectral,fixture:int128-aarch64,mov_imm,4232.0,4073.0,1.0390375644488092
eregalloc-c0+spectral,fixture:int128-aarch64,objects,1.0,1.0,1.0
eregalloc-c0+spectral,fixture:int128-aarch64,correct,1.0,1.0,1.0
eregalloc-c0+spectral,fixture:int128-aarch64,run_median_s,0.000875,0.000889,0.984251968503937
eregalloc-c0+spectral,fixture:int128-aarch64,run_min_s,0.000561,0.000699,0.8025751072961373
eregalloc-c0+spectral,fixture:hashmap-aarch64,compile_s,9.258,8.322,1.1124729632299928
eregalloc-c0+spectral,fixture:hashmap-aarch64,obj_bytes,147616.0,147512.0,1.0007050273876024
eregalloc-c0+spectral,fixture:hashmap-aarch64,text_bytes,132429.0,132321.0,1.0008161969755367
eregalloc-c0+spectral,fixture:hashmap-aarch64,insns,33003.0,32976.0,1.0008187772925765
eregalloc-c0+spectral,fixture:hashmap-aarch64,ldr_sp,6631.0,6960.0,0.9527298850574712
eregalloc-c0+spectral,fixture:hashmap-aarch64,str_sp,6349.0,6227.0,1.0195920989240406
eregalloc-c0+spectral,fixture:hashmap-aarch64,ldp_sp,0.0,0.0,
eregalloc-c0+spectral,fixture:hashmap-aarch64,stp_sp,0.0,0.0,
eregalloc-c0+spectral,fixture:hashmap-aarch64,mov_imm,6829.0,6599.0,1.034853765722079
eregalloc-c0+spectral,fixture:hashmap-aarch64,objects,1.0,1.0,1.0
eregalloc-c0+spectral,fixture:hashmap-aarch64,correct,1.0,1.0,1.0
eregalloc-c0+spectral,fixture:hashmap-aarch64,run_median_s,0.001088,0.000939,1.1586794462193823
eregalloc-c0+spectral,fixture:hashmap-aarch64,run_min_s,0.000789,0.000606,1.301980198019802
eregalloc-c0+spectral,fixture:itoa-aarch64,compile_s,1.365,1.318,1.0356600910470408
eregalloc-c0+spectral,fixture:itoa-aarch64,obj_bytes,22888.0,22872.0,1.0006995452955578
eregalloc-c0+spectral,fixture:itoa-aarch64,text_bytes,19083.0,19071.0,1.0006292276230926
eregalloc-c0+spectral,fixture:itoa-aarch64,insns,4656.0,4653.0,1.0006447453255964
eregalloc-c0+spectral,fixture:itoa-aarch64,ldr_sp,927.0,1018.0,0.9106090373280943
eregalloc-c0+spectral,fixture:itoa-aarch64,str_sp,694.0,700.0,0.9914285714285714
eregalloc-c0+spectral,fixture:itoa-aarch64,ldp_sp,0.0,0.0,
eregalloc-c0+spectral,fixture:itoa-aarch64,stp_sp,0.0,0.0,
eregalloc-c0+spectral,fixture:itoa-aarch64,mov_imm,792.0,700.0,1.1314285714285715
eregalloc-c0+spectral,fixture:itoa-aarch64,objects,1.0,1.0,1.0
eregalloc-c0+spectral,fixture:itoa-aarch64,correct,1.0,1.0,1.0
eregalloc-c0+spectral,fixture:itoa-aarch64,run_median_s,0.000663,0.000862,0.7691415313225057
eregalloc-c0+spectral,fixture:itoa-aarch64,run_min_s,0.000566,0.000581,0.9741824440619621
eregalloc-c0+spectral,fixture:oc-course,compile_s,0.168,0.169,0.9940828402366864
eregalloc-c0+spectral,fixture:oc-course,obj_bytes,2000.0,1992.0,1.0040160642570282
eregalloc-c0+spectral,fixture:oc-course,text_bytes,563.0,559.0,1.0071556350626119
eregalloc-c0+spectral,fixture:oc-course,insns,138.0,137.0,1.0072992700729928
eregalloc-c0+spectral,fixture:oc-course,ldr_sp,25.0,25.0,1.0
eregalloc-c0+spectral,fixture:oc-course,str_sp,23.0,22.0,1.0454545454545454
eregalloc-c0+spectral,fixture:oc-course,ldp_sp,0.0,0.0,
eregalloc-c0+spectral,fixture:oc-course,stp_sp,0.0,0.0,
eregalloc-c0+spectral,fixture:oc-course,mov_imm,14.0,14.0,1.0
eregalloc-c0+spectral,fixture:oc-course,objects,1.0,1.0,1.0
eregalloc-c0+spectral,fixture:oc-course,correct,1.0,1.0,1.0
eregalloc-c0+spectral,fixture:oc-course,run_median_s,0.000917,0.000702,1.3062678062678061
eregalloc-c0+spectral,fixture:oc-course,run_min_s,0.000597,0.000573,1.0418848167539265
eregalloc-c0+spectral,fixture:stdin-aarch64,compile_s,8.426,8.256,1.0205910852713178
eregalloc-c0+spectral,fixture:stdin-aarch64,obj_bytes,52752.0,52592.0,1.003042287800426
eregalloc-c0+spectral,fixture:stdin-aarch64,text_bytes,45588.0,45428.0,1.0035220568812186
eregalloc-c0+spectral,fixture:stdin-aarch64,insns,11232.0,11192.0,1.0035739814152966
eregalloc-c0+spectral,fixture:stdin-aarch64,ldr_sp,1964.0,1981.0,0.9914184755174155
eregalloc-c0+spectral,fixture:stdin-aarch64,str_sp,1807.0,1785.0,1.0123249299719888
eregalloc-c0+spectral,fixture:stdin-aarch64,ldp_sp,0.0,0.0,
eregalloc-c0+spectral,fixture:stdin-aarch64,stp_sp,0.0,0.0,
eregalloc-c0+spectral,fixture:stdin-aarch64,mov_imm,2654.0,2623.0,1.0118185284025925
eregalloc-c0+spectral,fixture:stdin-aarch64,objects,1.0,1.0,1.0
eregalloc-c0+spectral,fixture:stdin-aarch64,correct,1.0,1.0,1.0
eregalloc-c0+spectral,fixture:stdin-aarch64,run_median_s,0.000927,0.000971,0.9546858908341915
eregalloc-c0+spectral,fixture:stdin-aarch64,run_min_s,0.000606,0.000608,0.9967105263157894
eregalloc-c0+spectral,fixture:sudoku-aarch64,compile_s,1.372,1.324,1.0362537764350452
eregalloc-c0+spectral,fixture:sudoku-aarch64,obj_bytes,14480.0,14408.0,1.0049972237645752
eregalloc-c0+spectral,fixture:sudoku-aarch64,text_bytes,12540.0,12472.0,1.0054522129570238
eregalloc-c0+spectral,fixture:sudoku-aarch64,insns,3111.0,3094.0,1.0054945054945055
eregalloc-c0+spectral,fixture:sudoku-aarch64,ldr_sp,648.0,666.0,0.972972972972973
eregalloc-c0+spectral,fixture:sudoku-aarch64,str_sp,687.0,677.0,1.0147710487444608
eregalloc-c0+spectral,fixture:sudoku-aarch64,ldp_sp,0.0,0.0,
eregalloc-c0+spectral,fixture:sudoku-aarch64,stp_sp,0.0,0.0,
eregalloc-c0+spectral,fixture:sudoku-aarch64,mov_imm,512.0,491.0,1.0427698574338085
eregalloc-c0+spectral,fixture:sudoku-aarch64,objects,1.0,1.0,1.0
eregalloc-c0+spectral,fixture:sudoku-aarch64,correct,1.0,1.0,1.0
eregalloc-c0+spectral,fixture:sudoku-aarch64,run_median_s,0.001861,0.001844,1.0092190889370933
eregalloc-c0+spectral,fixture:sudoku-aarch64,run_min_s,0.001563,0.00163,0.9588957055214724
eregalloc-c0+spectral,fixture:sudoku-solver,compile_s,15.381,14.612,1.0526279770052012
eregalloc-c0+spectral,fixture:sudoku-solver,obj_bytes,107904.0,108592.0,0.9936643583321055
eregalloc-c0+spectral,fixture:sudoku-solver,text_bytes,100040.0,100724.0,0.9932091656407609
eregalloc-c0+spectral,fixture:sudoku-solver,insns,24621.0,24792.0,0.9931026137463698
eregalloc-c0+spectral,fixture:sudoku-solver,ldr_sp,5282.0,5614.0,0.9408621303883149
eregalloc-c0+spectral,fixture:sudoku-solver,str_sp,4992.0,4956.0,1.0072639225181599
eregalloc-c0+spectral,fixture:sudoku-solver,ldp_sp,0.0,0.0,
eregalloc-c0+spectral,fixture:sudoku-solver,stp_sp,0.0,0.0,
eregalloc-c0+spectral,fixture:sudoku-solver,mov_imm,4513.0,4404.0,1.0247502270663034
eregalloc-c0+spectral,fixture:sudoku-solver,objects,1.0,1.0,1.0
eregalloc-c0+spectral,fixture:sudoku-solver,correct,1.0,1.0,1.0
eregalloc-c0+spectral,fixture:sudoku-solver,run_median_s,0.000782,0.00091,0.8593406593406594
eregalloc-c0+spectral,fixture:sudoku-solver,run_min_s,0.000615,0.00073,0.8424657534246576
eregalloc-c0+spectral,corpus:div_recurrence,compile_s,5.718,5.651,1.0118563086179437
eregalloc-c0+spectral,corpus:div_recurrence,obj_bytes,22808.0,22776.0,1.0014049877063576
eregalloc-c0+spectral,corpus:div_recurrence,text_bytes,19183.0,19147.0,1.001880190108111
eregalloc-c0+spectral,corpus:div_recurrence,insns,4678.0,4669.0,1.001927607624759
eregalloc-c0+spectral,corpus:div_recurrence,ldr_sp,898.0,929.0,0.9666307857911733
eregalloc-c0+spectral,corpus:div_recurrence,str_sp,864.0,852.0,1.0140845070422535
eregalloc-c0+spectral,corpus:div_recurrence,ldp_sp,0.0,0.0,
eregalloc-c0+spectral,corpus:div_recurrence,stp_sp,0.0,0.0,
eregalloc-c0+spectral,corpus:div_recurrence,mov_imm,810.0,786.0,1.0305343511450382
eregalloc-c0+spectral,corpus:div_recurrence,objects,1.0,1.0,1.0
eregalloc-c0+spectral,corpus:div_recurrence,kfn_insns,133.0,132.0,1.0075757575757576
eregalloc-c0+spectral,corpus:div_recurrence,kfn_ldr_sp,25.0,25.0,1.0
eregalloc-c0+spectral,corpus:div_recurrence,kfn_str_sp,21.0,20.0,1.05
eregalloc-c0+spectral,corpus:div_recurrence,kfn_ldp_sp,0.0,0.0,
eregalloc-c0+spectral,corpus:div_recurrence,kfn_stp_sp,0.0,0.0,
eregalloc-c0+spectral,corpus:div_recurrence,kfn_mov_imm,35.0,35.0,1.0
eregalloc-c0+spectral,corpus:div_recurrence,kfn_symbols,1.0,1.0,1.0
eregalloc-c0+spectral,corpus:div_recurrence,correct,1.0,1.0,1.0
eregalloc-c0+spectral,corpus:div_recurrence,run_median_s,0.656566,0.656767,0.9996939553905723
eregalloc-c0+spectral,corpus:div_recurrence,run_min_s,0.643937,0.647906,0.9938741113680071
eregalloc-c0+spectral,corpus:dot_product,compile_s,5.818,5.775,1.0074458874458874
eregalloc-c0+spectral,corpus:dot_product,obj_bytes,27016.0,26952.0,1.0023745918670228
eregalloc-c0+spectral,corpus:dot_product,text_bytes,23372.0,23312.0,1.0025737817433082
eregalloc-c0+spectral,corpus:dot_product,insns,5758.0,5743.0,1.0026118753264843
eregalloc-c0+spectral,corpus:dot_product,ldr_sp,1029.0,1056.0,0.9744318181818182
eregalloc-c0+spectral,corpus:dot_product,str_sp,1229.0,1214.0,1.0123558484349258
eregalloc-c0+spectral,corpus:dot_product,ldp_sp,0.0,0.0,
eregalloc-c0+spectral,corpus:dot_product,stp_sp,0.0,0.0,
eregalloc-c0+spectral,corpus:dot_product,mov_imm,1159.0,1135.0,1.0211453744493393
eregalloc-c0+spectral,corpus:dot_product,objects,1.0,1.0,1.0
eregalloc-c0+spectral,corpus:dot_product,kfn_insns,216.0,211.0,1.0236966824644549
eregalloc-c0+spectral,corpus:dot_product,kfn_ldr_sp,46.0,44.0,1.0454545454545454
eregalloc-c0+spectral,corpus:dot_product,kfn_str_sp,30.0,27.0,1.1111111111111112
eregalloc-c0+spectral,corpus:dot_product,kfn_ldp_sp,0.0,0.0,
eregalloc-c0+spectral,corpus:dot_product,kfn_stp_sp,0.0,0.0,
eregalloc-c0+spectral,corpus:dot_product,kfn_mov_imm,49.0,49.0,1.0
eregalloc-c0+spectral,corpus:dot_product,kfn_symbols,1.0,1.0,1.0
eregalloc-c0+spectral,corpus:dot_product,correct,1.0,1.0,1.0
eregalloc-c0+spectral,corpus:dot_product,run_median_s,3.688861,3.421678,1.0780853721478176
eregalloc-c0+spectral,corpus:dot_product,run_min_s,3.664831,3.412091,1.074071881435753
eregalloc-c0+spectral,corpus:elementwise_chain,compile_s,6.539,5.638,1.159808442710181
eregalloc-c0+spectral,corpus:elementwise_chain,obj_bytes,23520.0,23472.0,1.0020449897750512
eregalloc-c0+spectral,corpus:elementwise_chain,text_bytes,19887.0,19839.0,1.0024194767881445
eregalloc-c0+spectral,corpus:elementwise_chain,insns,4854.0,4842.0,1.0024783147459728
eregalloc-c0+spectral,corpus:elementwise_chain,ldr_sp,903.0,934.0,0.9668094218415417
eregalloc-c0+spectral,corpus:elementwise_chain,str_sp,863.0,850.0,1.015294117647059
eregalloc-c0+spectral,corpus:elementwise_chain,ldp_sp,0.0,0.0,
eregalloc-c0+spectral,corpus:elementwise_chain,stp_sp,0.0,0.0,
eregalloc-c0+spectral,corpus:elementwise_chain,mov_imm,923.0,897.0,1.0289855072463767
eregalloc-c0+spectral,corpus:elementwise_chain,objects,1.0,1.0,1.0
eregalloc-c0+spectral,corpus:elementwise_chain,kfn_insns,316.0,312.0,1.0128205128205128
eregalloc-c0+spectral,corpus:elementwise_chain,kfn_ldr_sp,33.0,33.0,1.0
eregalloc-c0+spectral,corpus:elementwise_chain,kfn_str_sp,23.0,21.0,1.0952380952380953
eregalloc-c0+spectral,corpus:elementwise_chain,kfn_ldp_sp,0.0,0.0,
eregalloc-c0+spectral,corpus:elementwise_chain,kfn_stp_sp,0.0,0.0,
eregalloc-c0+spectral,corpus:elementwise_chain,kfn_mov_imm,145.0,143.0,1.013986013986014
eregalloc-c0+spectral,corpus:elementwise_chain,kfn_symbols,1.0,1.0,1.0
eregalloc-c0+spectral,corpus:elementwise_chain,correct,1.0,1.0,1.0
eregalloc-c0+spectral,corpus:elementwise_chain,run_median_s,7.030643,5.312785,1.3233441594192124
eregalloc-c0+spectral,corpus:elementwise_chain,run_min_s,6.669256,5.07029,1.315359870934404
eregalloc-c0+spectral,corpus:gemm_control,compile_s,6.622,6.523,1.015177065767285
eregalloc-c0+spectral,corpus:gemm_control,obj_bytes,23160.0,23112.0,1.0020768431983385
eregalloc-c0+spectral,corpus:gemm_control,text_bytes,19543.0,19495.0,1.002462169787125
eregalloc-c0+spectral,corpus:gemm_control,insns,4768.0,4756.0,1.0025231286795626
eregalloc-c0+spectral,corpus:gemm_control,ldr_sp,944.0,974.0,0.9691991786447639
eregalloc-c0+spectral,corpus:gemm_control,str_sp,891.0,877.0,1.015963511972634
eregalloc-c0+spectral,corpus:gemm_control,ldp_sp,0.0,0.0,
eregalloc-c0+spectral,corpus:gemm_control,stp_sp,0.0,0.0,
eregalloc-c0+spectral,corpus:gemm_control,mov_imm,813.0,789.0,1.0304182509505704
eregalloc-c0+spectral,corpus:gemm_control,objects,1.0,1.0,1.0
eregalloc-c0+spectral,corpus:gemm_control,kfn_insns,155.0,151.0,1.0264900662251655
eregalloc-c0+spectral,corpus:gemm_control,kfn_ldr_sp,37.0,36.0,1.0277777777777777
eregalloc-c0+spectral,corpus:gemm_control,kfn_str_sp,26.0,23.0,1.1304347826086956
eregalloc-c0+spectral,corpus:gemm_control,kfn_ldp_sp,0.0,0.0,
eregalloc-c0+spectral,corpus:gemm_control,kfn_stp_sp,0.0,0.0,
eregalloc-c0+spectral,corpus:gemm_control,kfn_mov_imm,32.0,32.0,1.0
eregalloc-c0+spectral,corpus:gemm_control,kfn_symbols,1.0,1.0,1.0
eregalloc-c0+spectral,corpus:gemm_control,correct,1.0,1.0,1.0
eregalloc-c0+spectral,corpus:gemm_control,run_median_s,4.579633,4.648336,0.9852198722295464
eregalloc-c0+spectral,corpus:gemm_control,run_min_s,4.548257,4.599431,0.9888738411338273
eregalloc-c0+spectral,corpus:gemm_tiled,compile_s,7.013,6.897,1.0168189067710598
eregalloc-c0+spectral,corpus:gemm_tiled,obj_bytes,30400.0,30320.0,1.0026385224274406
eregalloc-c0+spectral,corpus:gemm_tiled,text_bytes,26787.0,26711.0,1.0028452697390589
eregalloc-c0+spectral,corpus:gemm_tiled,insns,6579.0,6560.0,1.0028963414634147
eregalloc-c0+spectral,corpus:gemm_tiled,ldr_sp,996.0,1028.0,0.9688715953307393
eregalloc-c0+spectral,corpus:gemm_tiled,str_sp,1694.0,1675.0,1.0113432835820895
eregalloc-c0+spectral,corpus:gemm_tiled,ldp_sp,0.0,0.0,
eregalloc-c0+spectral,corpus:gemm_tiled,stp_sp,0.0,0.0,
eregalloc-c0+spectral,corpus:gemm_tiled,mov_imm,1641.0,1613.0,1.0173589584624922
eregalloc-c0+spectral,corpus:gemm_tiled,objects,1.0,1.0,1.0
eregalloc-c0+spectral,corpus:gemm_tiled,kfn_insns,2029.0,2018.0,1.0054509415262636
eregalloc-c0+spectral,corpus:gemm_tiled,kfn_ldr_sp,120.0,121.0,0.9917355371900827
eregalloc-c0+spectral,corpus:gemm_tiled,kfn_str_sp,851.0,843.0,1.0094899169632265
eregalloc-c0+spectral,corpus:gemm_tiled,kfn_ldp_sp,0.0,0.0,
eregalloc-c0+spectral,corpus:gemm_tiled,kfn_stp_sp,0.0,0.0,
eregalloc-c0+spectral,corpus:gemm_tiled,kfn_mov_imm,863.0,859.0,1.0046565774155995
eregalloc-c0+spectral,corpus:gemm_tiled,kfn_symbols,1.0,1.0,1.0
eregalloc-c0+spectral,corpus:gemm_tiled,correct,1.0,1.0,1.0
eregalloc-c0+spectral,corpus:gemm_tiled,run_median_s,19.429579,21.268538,0.9135361819416079
eregalloc-c0+spectral,corpus:gemm_tiled,run_min_s,19.417399,19.080657,1.0176483440795567
eregalloc-c0+spectral,corpus:histogram,compile_s,6.303,6.182,1.0195729537366547
eregalloc-c0+spectral,corpus:histogram,obj_bytes,25080.0,25016.0,1.0025583626479053
eregalloc-c0+spectral,corpus:histogram,text_bytes,21491.0,21431.0,1.002799682702627
eregalloc-c0+spectral,corpus:histogram,insns,5255.0,5240.0,1.0028625954198473
eregalloc-c0+spectral,corpus:histogram,ldr_sp,910.0,938.0,0.9701492537313433
eregalloc-c0+spectral,corpus:histogram,str_sp,1121.0,1109.0,1.0108205590622181
eregalloc-c0+spectral,corpus:histogram,ldp_sp,0.0,0.0,
eregalloc-c0+spectral,corpus:histogram,stp_sp,0.0,0.0,
eregalloc-c0+spectral,corpus:histogram,mov_imm,1084.0,1057.0,1.0255439924314096
eregalloc-c0+spectral,corpus:histogram,objects,1.0,1.0,1.0
eregalloc-c0+spectral,corpus:histogram,kfn_insns,235.0,226.0,1.0398230088495575
eregalloc-c0+spectral,corpus:histogram,kfn_ldr_sp,48.0,45.0,1.0666666666666667
eregalloc-c0+spectral,corpus:histogram,kfn_str_sp,34.0,29.0,1.1724137931034482
eregalloc-c0+spectral,corpus:histogram,kfn_ldp_sp,0.0,0.0,
eregalloc-c0+spectral,corpus:histogram,kfn_stp_sp,0.0,0.0,
eregalloc-c0+spectral,corpus:histogram,kfn_mov_imm,55.0,54.0,1.0185185185185186
eregalloc-c0+spectral,corpus:histogram,kfn_symbols,1.0,1.0,1.0
eregalloc-c0+spectral,corpus:histogram,correct,1.0,1.0,1.0
eregalloc-c0+spectral,corpus:histogram,run_median_s,4.899043,4.955482,0.98861079507503
eregalloc-c0+spectral,corpus:histogram,run_min_s,3.994311,4.454142,0.8967632823560632
eregalloc-c2,fixture:pure-rust-aarch64,compile_s,0.607,0.431,1.408352668213457
eregalloc-c2,fixture:pure-rust-aarch64,obj_bytes,9536.0,9536.0,1.0
eregalloc-c2,fixture:pure-rust-aarch64,text_bytes,6697.0,6697.0,1.0
eregalloc-c2,fixture:pure-rust-aarch64,insns,1640.0,1640.0,1.0
eregalloc-c2,fixture:pure-rust-aarch64,ldr_sp,208.0,217.0,0.9585253456221198
eregalloc-c2,fixture:pure-rust-aarch64,str_sp,223.0,223.0,1.0
eregalloc-c2,fixture:pure-rust-aarch64,ldp_sp,0.0,0.0,
eregalloc-c2,fixture:pure-rust-aarch64,stp_sp,0.0,0.0,
eregalloc-c2,fixture:pure-rust-aarch64,mov_imm,493.0,484.0,1.0185950413223142
eregalloc-c2,fixture:pure-rust-aarch64,objects,1.0,1.0,1.0
eregalloc-c2,fixture:pure-rust-aarch64,correct,1.0,1.0,1.0
eregalloc-c2,fixture:pure-rust-aarch64,run_median_s,0.000743,0.000979,0.7589376915219611
eregalloc-c2,fixture:pure-rust-aarch64,run_min_s,0.000578,0.000657,0.8797564687975645
eregalloc-c2,fixture:structs-aarch64,compile_s,0.155,0.126,1.2301587301587302
eregalloc-c2,fixture:structs-aarch64,obj_bytes,2040.0,2040.0,1.0
eregalloc-c2,fixture:structs-aarch64,text_bytes,620.0,624.0,0.9935897435897436
eregalloc-c2,fixture:structs-aarch64,insns,155.0,156.0,0.9935897435897436
eregalloc-c2,fixture:structs-aarch64,ldr_sp,17.0,18.0,0.9444444444444444
eregalloc-c2,fixture:structs-aarch64,str_sp,12.0,12.0,1.0
eregalloc-c2,fixture:structs-aarch64,ldp_sp,0.0,0.0,
eregalloc-c2,fixture:structs-aarch64,stp_sp,0.0,0.0,
eregalloc-c2,fixture:structs-aarch64,mov_imm,51.0,51.0,1.0
eregalloc-c2,fixture:structs-aarch64,objects,1.0,1.0,1.0
eregalloc-c2,fixture:structs-aarch64,correct,1.0,1.0,1.0
eregalloc-c2,fixture:structs-aarch64,run_median_s,0.000952,0.000734,1.2970027247956404
eregalloc-c2,fixture:structs-aarch64,run_min_s,0.00063,0.000622,1.012861736334405
eregalloc-c2,fixture:hello-world-aarch64,compile_s,0.143,0.133,1.075187969924812
eregalloc-c2,fixture:hello-world-aarch64,obj_bytes,1728.0,1728.0,1.0
eregalloc-c2,fixture:hello-world-aarch64,text_bytes,351.0,351.0,1.0
eregalloc-c2,fixture:hello-world-aarch64,insns,85.0,85.0,1.0
eregalloc-c2,fixture:hello-world-aarch64,ldr_sp,13.0,13.0,1.0
eregalloc-c2,fixture:hello-world-aarch64,str_sp,13.0,13.0,1.0
eregalloc-c2,fixture:hello-world-aarch64,ldp_sp,0.0,0.0,
eregalloc-c2,fixture:hello-world-aarch64,stp_sp,0.0,0.0,
eregalloc-c2,fixture:hello-world-aarch64,mov_imm,8.0,8.0,1.0
eregalloc-c2,fixture:hello-world-aarch64,objects,1.0,1.0,1.0
eregalloc-c2,fixture:hello-world-aarch64,correct,1.0,1.0,1.0
eregalloc-c2,fixture:hello-world-aarch64,run_median_s,0.001002,0.000756,1.3253968253968254
eregalloc-c2,fixture:hello-world-aarch64,run_min_s,0.000708,0.000674,1.0504451038575666
eregalloc-c2,fixture:fp-aarch64,compile_s,2.597,1.657,1.567290283645142
eregalloc-c2,fixture:fp-aarch64,obj_bytes,37696.0,37696.0,1.0
eregalloc-c2,fixture:fp-aarch64,text_bytes,31247.0,31243.0,1.000128028678424
eregalloc-c2,fixture:fp-aarch64,insns,7644.0,7643.0,1.0001308386759127
eregalloc-c2,fixture:fp-aarch64,ldr_sp,1639.0,1666.0,0.9837935174069627
eregalloc-c2,fixture:fp-aarch64,str_sp,1633.0,1625.0,1.004923076923077
eregalloc-c2,fixture:fp-aarch64,ldp_sp,0.0,0.0,
eregalloc-c2,fixture:fp-aarch64,stp_sp,0.0,0.0,
eregalloc-c2,fixture:fp-aarch64,mov_imm,1133.0,1113.0,1.0179694519317162
eregalloc-c2,fixture:fp-aarch64,objects,1.0,1.0,1.0
eregalloc-c2,fixture:fp-aarch64,correct,1.0,1.0,1.0
eregalloc-c2,fixture:fp-aarch64,run_median_s,0.001012,0.000918,1.1023965141612202
eregalloc-c2,fixture:fp-aarch64,run_min_s,0.000724,0.000589,1.2292020373514432
eregalloc-c2,fixture:int128-aarch64,compile_s,9.948,5.803,1.7142857142857144
eregalloc-c2,fixture:int128-aarch64,obj_bytes,104152.0,103648.0,1.0048626119172583
eregalloc-c2,fixture:int128-aarch64,text_bytes,89937.0,89437.0,1.0055905274103558
eregalloc-c2,fixture:int128-aarch64,insns,21949.0,21824.0,1.0057276392961876
eregalloc-c2,fixture:int128-aarch64,ldr_sp,4258.0,4438.0,0.9594411897251014
eregalloc-c2,fixture:int128-aarch64,str_sp,4537.0,4422.0,1.0260063319764812
eregalloc-c2,fixture:int128-aarch64,ldp_sp,0.0,0.0,
eregalloc-c2,fixture:int128-aarch64,stp_sp,0.0,0.0,
eregalloc-c2,fixture:int128-aarch64,mov_imm,4263.0,4073.0,1.0466486619199606
eregalloc-c2,fixture:int128-aarch64,objects,1.0,1.0,1.0
eregalloc-c2,fixture:int128-aarch64,correct,1.0,1.0,1.0
eregalloc-c2,fixture:int128-aarch64,run_median_s,0.000926,0.000889,1.0416197975253092
eregalloc-c2,fixture:int128-aarch64,run_min_s,0.000639,0.000699,0.9141630901287554
eregalloc-c2,fixture:hashmap-aarch64,compile_s,16.814,8.322,2.0204277817832255
eregalloc-c2,fixture:hashmap-aarch64,obj_bytes,147536.0,147512.0,1.0001626986279082
eregalloc-c2,fixture:hashmap-aarch64,text_bytes,132345.0,132321.0,1.000181377105675
eregalloc-c2,fixture:hashmap-aarch64,insns,32982.0,32976.0,1.0001819505094613
eregalloc-c2,fixture:hashmap-aarch64,ldr_sp,6633.0,6960.0,0.9530172413793103
eregalloc-c2,fixture:hashmap-aarch64,str_sp,6348.0,6227.0,1.0194315079492533
eregalloc-c2,fixture:hashmap-aarch64,ldp_sp,0.0,0.0,
eregalloc-c2,fixture:hashmap-aarch64,stp_sp,0.0,0.0,
eregalloc-c2,fixture:hashmap-aarch64,mov_imm,6811.0,6599.0,1.0321260797090468
eregalloc-c2,fixture:hashmap-aarch64,objects,1.0,1.0,1.0
eregalloc-c2,fixture:hashmap-aarch64,correct,1.0,1.0,1.0
eregalloc-c2,fixture:hashmap-aarch64,run_median_s,0.000874,0.000939,0.9307774227902024
eregalloc-c2,fixture:hashmap-aarch64,run_min_s,0.000695,0.000606,1.146864686468647
eregalloc-c2,fixture:itoa-aarch64,compile_s,1.769,1.318,1.342185128983308
eregalloc-c2,fixture:itoa-aarch64,obj_bytes,22824.0,22872.0,0.9979013641133263
eregalloc-c2,fixture:itoa-aarch64,text_bytes,19019.0,19071.0,0.9972733469665985
eregalloc-c2,fixture:itoa-aarch64,insns,4640.0,4653.0,0.9972061035890823
eregalloc-c2,fixture:itoa-aarch64,ldr_sp,927.0,1018.0,0.9106090373280943
eregalloc-c2,fixture:itoa-aarch64,str_sp,694.0,700.0,0.9914285714285714
eregalloc-c2,fixture:itoa-aarch64,ldp_sp,0.0,0.0,
eregalloc-c2,fixture:itoa-aarch64,stp_sp,0.0,0.0,
eregalloc-c2,fixture:itoa-aarch64,mov_imm,784.0,700.0,1.12
eregalloc-c2,fixture:itoa-aarch64,objects,1.0,1.0,1.0
eregalloc-c2,fixture:itoa-aarch64,correct,1.0,1.0,1.0
eregalloc-c2,fixture:itoa-aarch64,run_median_s,0.000866,0.000862,1.0046403712296983
eregalloc-c2,fixture:itoa-aarch64,run_min_s,0.000549,0.000581,0.9449225473321858
eregalloc-c2,fixture:oc-course,compile_s,0.176,0.169,1.041420118343195
eregalloc-c2,fixture:oc-course,obj_bytes,2000.0,1992.0,1.0040160642570282
eregalloc-c2,fixture:oc-course,text_bytes,563.0,559.0,1.0071556350626119
eregalloc-c2,fixture:oc-course,insns,138.0,137.0,1.0072992700729928
eregalloc-c2,fixture:oc-course,ldr_sp,25.0,25.0,1.0
eregalloc-c2,fixture:oc-course,str_sp,23.0,22.0,1.0454545454545454
eregalloc-c2,fixture:oc-course,ldp_sp,0.0,0.0,
eregalloc-c2,fixture:oc-course,stp_sp,0.0,0.0,
eregalloc-c2,fixture:oc-course,mov_imm,14.0,14.0,1.0
eregalloc-c2,fixture:oc-course,objects,1.0,1.0,1.0
eregalloc-c2,fixture:oc-course,correct,1.0,1.0,1.0
eregalloc-c2,fixture:oc-course,run_median_s,0.000913,0.000702,1.3005698005698005
eregalloc-c2,fixture:oc-course,run_min_s,0.000562,0.000573,0.9808027923211169
eregalloc-c2,fixture:stdin-aarch64,compile_s,9.452,8.256,1.1448643410852712
eregalloc-c2,fixture:stdin-aarch64,obj_bytes,53152.0,52592.0,1.0106480073014907
eregalloc-c2,fixture:stdin-aarch64,text_bytes,45992.0,45428.0,1.0124152505062958
eregalloc-c2,fixture:stdin-aarch64,insns,11333.0,11192.0,1.0125982844889208
eregalloc-c2,fixture:stdin-aarch64,ldr_sp,1966.0,1981.0,0.9924280666330136
eregalloc-c2,fixture:stdin-aarch64,str_sp,1865.0,1785.0,1.0448179271708684
eregalloc-c2,fixture:stdin-aarch64,ldp_sp,0.0,0.0,
eregalloc-c2,fixture:stdin-aarch64,stp_sp,0.0,0.0,
eregalloc-c2,fixture:stdin-aarch64,mov_imm,2699.0,2623.0,1.0289744567289363
eregalloc-c2,fixture:stdin-aarch64,objects,1.0,1.0,1.0
eregalloc-c2,fixture:stdin-aarch64,correct,1.0,1.0,1.0
eregalloc-c2,fixture:stdin-aarch64,run_median_s,0.000932,0.000971,0.9598352214212152
eregalloc-c2,fixture:stdin-aarch64,run_min_s,0.0007,0.000608,1.151315789473684
eregalloc-c2,fixture:sudoku-aarch64,compile_s,1.638,1.324,1.2371601208459213
eregalloc-c2,fixture:sudoku-aarch64,obj_bytes,14432.0,14408.0,1.0016657412548584
eregalloc-c2,fixture:sudoku-aarch64,text_bytes,12492.0,12472.0,1.0016035920461834
eregalloc-c2,fixture:sudoku-aarch64,insns,3099.0,3094.0,1.0016160310277957
eregalloc-c2,fixture:sudoku-aarch64,ldr_sp,648.0,666.0,0.972972972972973
eregalloc-c2,fixture:sudoku-aarch64,str_sp,684.0,677.0,1.0103397341211227
eregalloc-c2,fixture:sudoku-aarch64,ldp_sp,0.0,0.0,
eregalloc-c2,fixture:sudoku-aarch64,stp_sp,0.0,0.0,
eregalloc-c2,fixture:sudoku-aarch64,mov_imm,507.0,491.0,1.0325865580448066
eregalloc-c2,fixture:sudoku-aarch64,objects,1.0,1.0,1.0
eregalloc-c2,fixture:sudoku-aarch64,correct,1.0,1.0,1.0
eregalloc-c2,fixture:sudoku-aarch64,run_median_s,0.00197,0.001844,1.0683297180043385
eregalloc-c2,fixture:sudoku-aarch64,run_min_s,0.00168,0.00163,1.030674846625767
eregalloc-c2,fixture:sudoku-solver,compile_s,18.479,14.612,1.2646454968519025
eregalloc-c2,fixture:sudoku-solver,obj_bytes,108208.0,108592.0,0.9964638279062914
eregalloc-c2,fixture:sudoku-solver,text_bytes,100340.0,100724.0,0.9961876017632342
eregalloc-c2,fixture:sudoku-solver,insns,24696.0,24792.0,0.9961277831558567
eregalloc-c2,fixture:sudoku-solver,ldr_sp,5287.0,5614.0,0.941752760954756
eregalloc-c2,fixture:sudoku-solver,str_sp,5048.0,4956.0,1.0185633575464084
eregalloc-c2,fixture:sudoku-solver,ldp_sp,0.0,0.0,
eregalloc-c2,fixture:sudoku-solver,stp_sp,0.0,0.0,
eregalloc-c2,fixture:sudoku-solver,mov_imm,4543.0,4404.0,1.0315622161671207
eregalloc-c2,fixture:sudoku-solver,objects,1.0,1.0,1.0
eregalloc-c2,fixture:sudoku-solver,correct,1.0,1.0,1.0
eregalloc-c2,fixture:sudoku-solver,run_median_s,0.000735,0.00091,0.8076923076923077
eregalloc-c2,fixture:sudoku-solver,run_min_s,0.000698,0.00073,0.9561643835616439
eregalloc-c2,corpus:div_recurrence,compile_s,6.045,5.651,1.069722173066714
eregalloc-c2,corpus:div_recurrence,obj_bytes,23080.0,22776.0,1.013347383210397
eregalloc-c2,corpus:div_recurrence,text_bytes,19451.0,19147.0,1.0158771609129367
eregalloc-c2,corpus:div_recurrence,insns,4745.0,4669.0,1.0162775754979654
eregalloc-c2,corpus:div_recurrence,ldr_sp,896.0,929.0,0.9644779332615716
eregalloc-c2,corpus:div_recurrence,str_sp,901.0,852.0,1.057511737089202
eregalloc-c2,corpus:div_recurrence,ldp_sp,0.0,0.0,
eregalloc-c2,corpus:div_recurrence,stp_sp,0.0,0.0,
eregalloc-c2,corpus:div_recurrence,mov_imm,846.0,786.0,1.0763358778625953
eregalloc-c2,corpus:div_recurrence,objects,1.0,1.0,1.0
eregalloc-c2,corpus:div_recurrence,kfn_insns,135.0,132.0,1.0227272727272727
eregalloc-c2,corpus:div_recurrence,kfn_ldr_sp,25.0,25.0,1.0
eregalloc-c2,corpus:div_recurrence,kfn_str_sp,22.0,20.0,1.1
eregalloc-c2,corpus:div_recurrence,kfn_ldp_sp,0.0,0.0,
eregalloc-c2,corpus:div_recurrence,kfn_stp_sp,0.0,0.0,
eregalloc-c2,corpus:div_recurrence,kfn_mov_imm,36.0,35.0,1.0285714285714285
eregalloc-c2,corpus:div_recurrence,kfn_symbols,1.0,1.0,1.0
eregalloc-c2,corpus:div_recurrence,correct,1.0,1.0,1.0
eregalloc-c2,corpus:div_recurrence,run_median_s,0.656205,0.656767,0.9991442931816003
eregalloc-c2,corpus:div_recurrence,run_min_s,0.644424,0.647906,0.9946257636138576
eregalloc-c2,corpus:dot_product,compile_s,6.09,5.775,1.0545454545454545
eregalloc-c2,corpus:dot_product,obj_bytes,27280.0,26952.0,1.0121697833184922
eregalloc-c2,corpus:dot_product,text_bytes,23640.0,23312.0,1.014070006863418
eregalloc-c2,corpus:dot_product,insns,5825.0,5743.0,1.0142782517847815
eregalloc-c2,corpus:dot_product,ldr_sp,1027.0,1056.0,0.9725378787878788
eregalloc-c2,corpus:dot_product,str_sp,1265.0,1214.0,1.042009884678748
eregalloc-c2,corpus:dot_product,ldp_sp,0.0,0.0,
eregalloc-c2,corpus:dot_product,stp_sp,0.0,0.0,
eregalloc-c2,corpus:dot_product,mov_imm,1195.0,1135.0,1.052863436123348
eregalloc-c2,corpus:dot_product,objects,1.0,1.0,1.0
eregalloc-c2,corpus:dot_product,kfn_insns,216.0,211.0,1.0236966824644549
eregalloc-c2,corpus:dot_product,kfn_ldr_sp,46.0,44.0,1.0454545454545454
eregalloc-c2,corpus:dot_product,kfn_str_sp,30.0,27.0,1.1111111111111112
eregalloc-c2,corpus:dot_product,kfn_ldp_sp,0.0,0.0,
eregalloc-c2,corpus:dot_product,kfn_stp_sp,0.0,0.0,
eregalloc-c2,corpus:dot_product,kfn_mov_imm,49.0,49.0,1.0
eregalloc-c2,corpus:dot_product,kfn_symbols,1.0,1.0,1.0
eregalloc-c2,corpus:dot_product,correct,1.0,1.0,1.0
eregalloc-c2,corpus:dot_product,run_median_s,3.684993,3.421678,1.0769549326383137
eregalloc-c2,corpus:dot_product,run_min_s,3.680531,3.412091,1.0786731655163946
eregalloc-c2,corpus:elementwise_chain,compile_s,6.983,5.638,1.238559772969138
eregalloc-c2,corpus:elementwise_chain,obj_bytes,23784.0,23472.0,1.0132924335378324
eregalloc-c2,corpus:elementwise_chain,text_bytes,20147.0,19839.0,1.0155249760572609
eregalloc-c2,corpus:elementwise_chain,insns,4919.0,4842.0,1.0159025196199918
eregalloc-c2,corpus:elementwise_chain,ldr_sp,901.0,934.0,0.9646680942184154
eregalloc-c2,corpus:elementwise_chain,str_sp,899.0,850.0,1.0576470588235294
eregalloc-c2,corpus:elementwise_chain,ldp_sp,0.0,0.0,
eregalloc-c2,corpus:elementwise_chain,stp_sp,0.0,0.0,
eregalloc-c2,corpus:elementwise_chain,mov_imm,958.0,897.0,1.0680044593088072
eregalloc-c2,corpus:elementwise_chain,objects,1.0,1.0,1.0
eregalloc-c2,corpus:elementwise_chain,kfn_insns,316.0,312.0,1.0128205128205128
eregalloc-c2,corpus:elementwise_chain,kfn_ldr_sp,33.0,33.0,1.0
eregalloc-c2,corpus:elementwise_chain,kfn_str_sp,23.0,21.0,1.0952380952380953
eregalloc-c2,corpus:elementwise_chain,kfn_ldp_sp,0.0,0.0,
eregalloc-c2,corpus:elementwise_chain,kfn_stp_sp,0.0,0.0,
eregalloc-c2,corpus:elementwise_chain,kfn_mov_imm,145.0,143.0,1.013986013986014
eregalloc-c2,corpus:elementwise_chain,kfn_symbols,1.0,1.0,1.0
eregalloc-c2,corpus:elementwise_chain,correct,1.0,1.0,1.0
eregalloc-c2,corpus:elementwise_chain,run_median_s,7.019403,5.312785,1.3212285082117947
eregalloc-c2,corpus:elementwise_chain,run_min_s,6.855534,5.07029,1.3520989923653282
eregalloc-c2,corpus:gemm_control,compile_s,6.996,6.523,1.0725126475548061
eregalloc-c2,corpus:gemm_control,obj_bytes,23424.0,23112.0,1.0134994807892004
eregalloc-c2,corpus:gemm_control,text_bytes,19803.0,19495.0,1.015798922800718
eregalloc-c2,corpus:gemm_control,insns,4833.0,4756.0,1.0161900756938604
eregalloc-c2,corpus:gemm_control,ldr_sp,942.0,974.0,0.9671457905544147
eregalloc-c2,corpus:gemm_control,str_sp,927.0,877.0,1.057012542759407
eregalloc-c2,corpus:gemm_control,ldp_sp,0.0,0.0,
eregalloc-c2,corpus:gemm_control,stp_sp,0.0,0.0,
eregalloc-c2,corpus:gemm_control,mov_imm,848.0,789.0,1.0747782002534854
eregalloc-c2,corpus:gemm_control,objects,1.0,1.0,1.0
eregalloc-c2,corpus:gemm_control,kfn_insns,155.0,151.0,1.0264900662251655
eregalloc-c2,corpus:gemm_control,kfn_ldr_sp,37.0,36.0,1.0277777777777777
eregalloc-c2,corpus:gemm_control,kfn_str_sp,26.0,23.0,1.1304347826086956
eregalloc-c2,corpus:gemm_control,kfn_ldp_sp,0.0,0.0,
eregalloc-c2,corpus:gemm_control,kfn_stp_sp,0.0,0.0,
eregalloc-c2,corpus:gemm_control,kfn_mov_imm,32.0,32.0,1.0
eregalloc-c2,corpus:gemm_control,kfn_symbols,1.0,1.0,1.0
eregalloc-c2,corpus:gemm_control,correct,1.0,1.0,1.0
eregalloc-c2,corpus:gemm_control,run_median_s,4.557441,4.648336,0.9804456906729635
eregalloc-c2,corpus:gemm_control,run_min_s,4.516261,4.599431,0.9819173284695433
eregalloc-c2,corpus:gemm_tiled,compile_s,6.364,6.897,0.922720023198492
eregalloc-c2,corpus:gemm_tiled,obj_bytes,30640.0,30320.0,1.0105540897097625
eregalloc-c2,corpus:gemm_tiled,text_bytes,27031.0,26711.0,1.0119800831118266
eregalloc-c2,corpus:gemm_tiled,insns,6640.0,6560.0,1.0121951219512195
eregalloc-c2,corpus:gemm_tiled,ldr_sp,995.0,1028.0,0.9678988326848249
eregalloc-c2,corpus:gemm_tiled,str_sp,1727.0,1675.0,1.031044776119403
eregalloc-c2,corpus:gemm_tiled,ldp_sp,0.0,0.0,
eregalloc-c2,corpus:gemm_tiled,stp_sp,0.0,0.0,
eregalloc-c2,corpus:gemm_tiled,mov_imm,1674.0,1613.0,1.0378177309361438
eregalloc-c2,corpus:gemm_tiled,objects,1.0,1.0,1.0
eregalloc-c2,corpus:gemm_tiled,kfn_insns,2025.0,2018.0,1.0034687809712586
eregalloc-c2,corpus:gemm_tiled,kfn_ldr_sp,121.0,121.0,1.0
eregalloc-c2,corpus:gemm_tiled,kfn_str_sp,848.0,843.0,1.0059311981020167
eregalloc-c2,corpus:gemm_tiled,kfn_ldp_sp,0.0,0.0,
eregalloc-c2,corpus:gemm_tiled,kfn_stp_sp,0.0,0.0,
eregalloc-c2,corpus:gemm_tiled,kfn_mov_imm,861.0,859.0,1.0023282887077998
eregalloc-c2,corpus:gemm_tiled,kfn_symbols,1.0,1.0,1.0
eregalloc-c2,corpus:gemm_tiled,correct,1.0,1.0,1.0
eregalloc-c2,corpus:gemm_tiled,run_median_s,19.374468,21.268538,0.9109449836185262
eregalloc-c2,corpus:gemm_tiled,run_min_s,19.301871,19.080657,1.0115936259427545
eregalloc-c2,corpus:histogram,compile_s,6.601,6.182,1.067777418311226
eregalloc-c2,corpus:histogram,obj_bytes,25320.0,25016.0,1.0121522225775503
eregalloc-c2,corpus:histogram,text_bytes,21735.0,21431.0,1.0141850590266437
eregalloc-c2,corpus:histogram,insns,5316.0,5240.0,1.0145038167938931
eregalloc-c2,corpus:histogram,ldr_sp,908.0,938.0,0.9680170575692963
eregalloc-c2,corpus:histogram,str_sp,1156.0,1109.0,1.042380522993688
eregalloc-c2,corpus:histogram,ldp_sp,0.0,0.0,
eregalloc-c2,corpus:histogram,stp_sp,0.0,0.0,
eregalloc-c2,corpus:histogram,mov_imm,1116.0,1057.0,1.0558183538315988
eregalloc-c2,corpus:histogram,objects,1.0,1.0,1.0
eregalloc-c2,corpus:histogram,kfn_insns,233.0,226.0,1.0309734513274336
eregalloc-c2,corpus:histogram,kfn_ldr_sp,48.0,45.0,1.0666666666666667
eregalloc-c2,corpus:histogram,kfn_str_sp,33.0,29.0,1.1379310344827587
eregalloc-c2,corpus:histogram,kfn_ldp_sp,0.0,0.0,
eregalloc-c2,corpus:histogram,kfn_stp_sp,0.0,0.0,
eregalloc-c2,corpus:histogram,kfn_mov_imm,54.0,54.0,1.0
eregalloc-c2,corpus:histogram,kfn_symbols,1.0,1.0,1.0
eregalloc-c2,corpus:histogram,correct,1.0,1.0,1.0
eregalloc-c2,corpus:histogram,run_median_s,4.905614,4.955482,0.9899368013040911
eregalloc-c2,corpus:histogram,run_min_s,4.853234,4.454142,1.089600196850482
eregalloc-c2+spectral,fixture:pure-rust-aarch64,compile_s,0.613,0.431,1.4222737819025522
eregalloc-c2+spectral,fixture:pure-rust-aarch64,obj_bytes,9536.0,9536.0,1.0
eregalloc-c2+spectral,fixture:pure-rust-aarch64,text_bytes,6697.0,6697.0,1.0
eregalloc-c2+spectral,fixture:pure-rust-aarch64,insns,1640.0,1640.0,1.0
eregalloc-c2+spectral,fixture:pure-rust-aarch64,ldr_sp,208.0,217.0,0.9585253456221198
eregalloc-c2+spectral,fixture:pure-rust-aarch64,str_sp,223.0,223.0,1.0
eregalloc-c2+spectral,fixture:pure-rust-aarch64,ldp_sp,0.0,0.0,
eregalloc-c2+spectral,fixture:pure-rust-aarch64,stp_sp,0.0,0.0,
eregalloc-c2+spectral,fixture:pure-rust-aarch64,mov_imm,493.0,484.0,1.0185950413223142
eregalloc-c2+spectral,fixture:pure-rust-aarch64,objects,1.0,1.0,1.0
eregalloc-c2+spectral,fixture:pure-rust-aarch64,correct,1.0,1.0,1.0
eregalloc-c2+spectral,fixture:pure-rust-aarch64,run_median_s,0.000964,0.000979,0.9846782431052093
eregalloc-c2+spectral,fixture:pure-rust-aarch64,run_min_s,0.000642,0.000657,0.9771689497716894
eregalloc-c2+spectral,fixture:structs-aarch64,compile_s,0.145,0.126,1.1507936507936507
eregalloc-c2+spectral,fixture:structs-aarch64,obj_bytes,2040.0,2040.0,1.0
eregalloc-c2+spectral,fixture:structs-aarch64,text_bytes,620.0,624.0,0.9935897435897436
eregalloc-c2+spectral,fixture:structs-aarch64,insns,155.0,156.0,0.9935897435897436
eregalloc-c2+spectral,fixture:structs-aarch64,ldr_sp,17.0,18.0,0.9444444444444444
eregalloc-c2+spectral,fixture:structs-aarch64,str_sp,12.0,12.0,1.0
eregalloc-c2+spectral,fixture:structs-aarch64,ldp_sp,0.0,0.0,
eregalloc-c2+spectral,fixture:structs-aarch64,stp_sp,0.0,0.0,
eregalloc-c2+spectral,fixture:structs-aarch64,mov_imm,51.0,51.0,1.0
eregalloc-c2+spectral,fixture:structs-aarch64,objects,1.0,1.0,1.0
eregalloc-c2+spectral,fixture:structs-aarch64,correct,1.0,1.0,1.0
eregalloc-c2+spectral,fixture:structs-aarch64,run_median_s,0.000953,0.000734,1.298365122615804
eregalloc-c2+spectral,fixture:structs-aarch64,run_min_s,0.000647,0.000622,1.040192926045016
eregalloc-c2+spectral,fixture:hello-world-aarch64,compile_s,0.152,0.133,1.1428571428571428
eregalloc-c2+spectral,fixture:hello-world-aarch64,obj_bytes,1728.0,1728.0,1.0
eregalloc-c2+spectral,fixture:hello-world-aarch64,text_bytes,351.0,351.0,1.0
eregalloc-c2+spectral,fixture:hello-world-aarch64,insns,85.0,85.0,1.0
eregalloc-c2+spectral,fixture:hello-world-aarch64,ldr_sp,13.0,13.0,1.0
eregalloc-c2+spectral,fixture:hello-world-aarch64,str_sp,13.0,13.0,1.0
eregalloc-c2+spectral,fixture:hello-world-aarch64,ldp_sp,0.0,0.0,
eregalloc-c2+spectral,fixture:hello-world-aarch64,stp_sp,0.0,0.0,
eregalloc-c2+spectral,fixture:hello-world-aarch64,mov_imm,8.0,8.0,1.0
eregalloc-c2+spectral,fixture:hello-world-aarch64,objects,1.0,1.0,1.0
eregalloc-c2+spectral,fixture:hello-world-aarch64,correct,1.0,1.0,1.0
eregalloc-c2+spectral,fixture:hello-world-aarch64,run_median_s,0.000743,0.000756,0.9828042328042327
eregalloc-c2+spectral,fixture:hello-world-aarch64,run_min_s,0.000628,0.000674,0.9317507418397626
eregalloc-c2+spectral,fixture:fp-aarch64,compile_s,2.619,1.657,1.5805672902836452
eregalloc-c2+spectral,fixture:fp-aarch64,obj_bytes,37696.0,37696.0,1.0
eregalloc-c2+spectral,fixture:fp-aarch64,text_bytes,31243.0,31243.0,1.0
eregalloc-c2+spectral,fixture:fp-aarch64,insns,7643.0,7643.0,1.0
eregalloc-c2+spectral,fixture:fp-aarch64,ldr_sp,1638.0,1666.0,0.9831932773109243
eregalloc-c2+spectral,fixture:fp-aarch64,str_sp,1632.0,1625.0,1.0043076923076923
eregalloc-c2+spectral,fixture:fp-aarch64,ldp_sp,0.0,0.0,
eregalloc-c2+spectral,fixture:fp-aarch64,stp_sp,0.0,0.0,
eregalloc-c2+spectral,fixture:fp-aarch64,mov_imm,1134.0,1113.0,1.0188679245283019
eregalloc-c2+spectral,fixture:fp-aarch64,objects,1.0,1.0,1.0
eregalloc-c2+spectral,fixture:fp-aarch64,correct,1.0,1.0,1.0
eregalloc-c2+spectral,fixture:fp-aarch64,run_median_s,0.001013,0.000918,1.1034858387799564
eregalloc-c2+spectral,fixture:fp-aarch64,run_min_s,0.000711,0.000589,1.2071307300509337
eregalloc-c2+spectral,fixture:int128-aarch64,compile_s,9.946,5.803,1.7139410649663966
eregalloc-c2+spectral,fixture:int128-aarch64,obj_bytes,104136.0,103648.0,1.0047082432849646
eregalloc-c2+spectral,fixture:int128-aarch64,text_bytes,89921.0,89437.0,1.0054116305332246
eregalloc-c2+spectral,fixture:int128-aarch64,insns,21945.0,21824.0,1.0055443548387097
eregalloc-c2+spectral,fixture:int128-aarch64,ldr_sp,4256.0,4438.0,0.9589905362776026
eregalloc-c2+spectral,fixture:int128-aarch64,str_sp,4534.0,4422.0,1.025327905924921
eregalloc-c2+spectral,fixture:int128-aarch64,ldp_sp,0.0,0.0,
eregalloc-c2+spectral,fixture:int128-aarch64,stp_sp,0.0,0.0,
eregalloc-c2+spectral,fixture:int128-aarch64,mov_imm,4264.0,4073.0,1.0468941811932237
eregalloc-c2+spectral,fixture:int128-aarch64,objects,1.0,1.0,1.0
eregalloc-c2+spectral,fixture:int128-aarch64,correct,1.0,1.0,1.0
eregalloc-c2+spectral,fixture:int128-aarch64,run_median_s,0.000906,0.000889,1.0191226096737906
eregalloc-c2+spectral,fixture:int128-aarch64,run_min_s,0.000541,0.000699,0.7739628040057226
eregalloc-c2+spectral,fixture:hashmap-aarch64,compile_s,16.846,8.322,2.024273011295362
eregalloc-c2+spectral,fixture:hashmap-aarch64,obj_bytes,147520.0,147512.0,1.0000542328759694
eregalloc-c2+spectral,fixture:hashmap-aarch64,text_bytes,132333.0,132321.0,1.0000906885528373
eregalloc-c2+spectral,fixture:hashmap-aarch64,insns,32979.0,32976.0,1.0000909752547307
eregalloc-c2+spectral,fixture:hashmap-aarch64,ldr_sp,6624.0,6960.0,0.9517241379310345
eregalloc-c2+spectral,fixture:hashmap-aarch64,str_sp,6342.0,6227.0,1.01846796210053
eregalloc-c2+spectral,fixture:hashmap-aarch64,ldp_sp,0.0,0.0,
eregalloc-c2+spectral,fixture:hashmap-aarch64,stp_sp,0.0,0.0,
eregalloc-c2+spectral,fixture:hashmap-aarch64,mov_imm,6823.0,6599.0,1.0339445370510683
eregalloc-c2+spectral,fixture:hashmap-aarch64,objects,1.0,1.0,1.0
eregalloc-c2+spectral,fixture:hashmap-aarch64,correct,1.0,1.0,1.0
eregalloc-c2+spectral,fixture:hashmap-aarch64,run_median_s,0.001057,0.000939,1.1256656017039404
eregalloc-c2+spectral,fixture:hashmap-aarch64,run_min_s,0.000734,0.000606,1.2112211221122111
eregalloc-c2+spectral,fixture:itoa-aarch64,compile_s,1.794,1.318,1.3611532625189682
eregalloc-c2+spectral,fixture:itoa-aarch64,obj_bytes,22824.0,22872.0,0.9979013641133263
eregalloc-c2+spectral,fixture:itoa-aarch64,text_bytes,19019.0,19071.0,0.9972733469665985
eregalloc-c2+spectral,fixture:itoa-aarch64,insns,4640.0,4653.0,0.9972061035890823
eregalloc-c2+spectral,fixture:itoa-aarch64,ldr_sp,927.0,1018.0,0.9106090373280943
eregalloc-c2+spectral,fixture:itoa-aarch64,str_sp,694.0,700.0,0.9914285714285714
eregalloc-c2+spectral,fixture:itoa-aarch64,ldp_sp,0.0,0.0,
eregalloc-c2+spectral,fixture:itoa-aarch64,stp_sp,0.0,0.0,
eregalloc-c2+spectral,fixture:itoa-aarch64,mov_imm,784.0,700.0,1.12
eregalloc-c2+spectral,fixture:itoa-aarch64,objects,1.0,1.0,1.0
eregalloc-c2+spectral,fixture:itoa-aarch64,correct,1.0,1.0,1.0
eregalloc-c2+spectral,fixture:itoa-aarch64,run_median_s,0.000893,0.000862,1.0359628770301623
eregalloc-c2+spectral,fixture:itoa-aarch64,run_min_s,0.00055,0.000581,0.9466437177280551
eregalloc-c2+spectral,fixture:oc-course,compile_s,0.17,0.169,1.0059171597633136
eregalloc-c2+spectral,fixture:oc-course,obj_bytes,2000.0,1992.0,1.0040160642570282
eregalloc-c2+spectral,fixture:oc-course,text_bytes,563.0,559.0,1.0071556350626119
eregalloc-c2+spectral,fixture:oc-course,insns,138.0,137.0,1.0072992700729928
eregalloc-c2+spectral,fixture:oc-course,ldr_sp,25.0,25.0,1.0
eregalloc-c2+spectral,fixture:oc-course,str_sp,23.0,22.0,1.0454545454545454
eregalloc-c2+spectral,fixture:oc-course,ldp_sp,0.0,0.0,
eregalloc-c2+spectral,fixture:oc-course,stp_sp,0.0,0.0,
eregalloc-c2+spectral,fixture:oc-course,mov_imm,14.0,14.0,1.0
eregalloc-c2+spectral,fixture:oc-course,objects,1.0,1.0,1.0
eregalloc-c2+spectral,fixture:oc-course,correct,1.0,1.0,1.0
eregalloc-c2+spectral,fixture:oc-course,run_median_s,0.000903,0.000702,1.2863247863247864
eregalloc-c2+spectral,fixture:oc-course,run_min_s,0.000596,0.000573,1.0401396160558463
eregalloc-c2+spectral,fixture:stdin-aarch64,compile_s,9.416,8.256,1.1405038759689923
eregalloc-c2+spectral,fixture:stdin-aarch64,obj_bytes,52712.0,52592.0,1.0022817158503194
eregalloc-c2+spectral,fixture:stdin-aarch64,text_bytes,45548.0,45428.0,1.0026415426609139
eregalloc-c2+spectral,fixture:stdin-aarch64,insns,11222.0,11192.0,1.0026804860614724
eregalloc-c2+spectral,fixture:stdin-aarch64,ldr_sp,1963.0,1981.0,0.9909136799596163
eregalloc-c2+spectral,fixture:stdin-aarch64,str_sp,1806.0,1785.0,1.011764705882353
eregalloc-c2+spectral,fixture:stdin-aarch64,ldp_sp,0.0,0.0,
eregalloc-c2+spectral,fixture:stdin-aarch64,stp_sp,0.0,0.0,
eregalloc-c2+spectral,fixture:stdin-aarch64,mov_imm,2650.0,2623.0,1.0102935569958063
eregalloc-c2+spectral,fixture:stdin-aarch64,objects,1.0,1.0,1.0
eregalloc-c2+spectral,fixture:stdin-aarch64,correct,1.0,1.0,1.0
eregalloc-c2+spectral,fixture:stdin-aarch64,run_median_s,0.000773,0.000971,0.7960865087538621
eregalloc-c2+spectral,fixture:stdin-aarch64,run_min_s,0.000667,0.000608,1.0970394736842104
eregalloc-c2+spectral,fixture:sudoku-aarch64,compile_s,1.632,1.324,1.2326283987915407
eregalloc-c2+spectral,fixture:sudoku-aarch64,obj_bytes,14440.0,14408.0,1.0022209883398112
eregalloc-c2+spectral,fixture:sudoku-aarch64,text_bytes,12500.0,12472.0,1.002245028864657
eregalloc-c2+spectral,fixture:sudoku-aarch64,insns,3101.0,3094.0,1.002262443438914
eregalloc-c2+spectral,fixture:sudoku-aarch64,ldr_sp,647.0,666.0,0.9714714714714715
eregalloc-c2+spectral,fixture:sudoku-aarch64,str_sp,686.0,677.0,1.0132939438700148
eregalloc-c2+spectral,fixture:sudoku-aarch64,ldp_sp,0.0,0.0,
eregalloc-c2+spectral,fixture:sudoku-aarch64,stp_sp,0.0,0.0,
eregalloc-c2+spectral,fixture:sudoku-aarch64,mov_imm,508.0,491.0,1.034623217922607
eregalloc-c2+spectral,fixture:sudoku-aarch64,objects,1.0,1.0,1.0
eregalloc-c2+spectral,fixture:sudoku-aarch64,correct,1.0,1.0,1.0
eregalloc-c2+spectral,fixture:sudoku-aarch64,run_median_s,0.001728,0.001844,0.9370932754880694
eregalloc-c2+spectral,fixture:sudoku-aarch64,run_min_s,0.0016,0.00163,0.98159509202454
eregalloc-c2+spectral,fixture:sudoku-solver,compile_s,18.535,14.612,1.268477963317821
eregalloc-c2+spectral,fixture:sudoku-solver,obj_bytes,107704.0,108592.0,0.991822602033299
eregalloc-c2+spectral,fixture:sudoku-solver,text_bytes,99840.0,100724.0,0.9912235415591121
eregalloc-c2+spectral,fixture:sudoku-solver,insns,24571.0,24792.0,0.9910858341400451
eregalloc-c2+spectral,fixture:sudoku-solver,ldr_sp,5274.0,5614.0,0.9394371214820093
eregalloc-c2+spectral,fixture:sudoku-solver,str_sp,4983.0,4956.0,1.0054479418886197
eregalloc-c2+spectral,fixture:sudoku-solver,ldp_sp,0.0,0.0,
eregalloc-c2+spectral,fixture:sudoku-solver,stp_sp,0.0,0.0,
eregalloc-c2+spectral,fixture:sudoku-solver,mov_imm,4496.0,4404.0,1.0208900999091735
eregalloc-c2+spectral,fixture:sudoku-solver,objects,1.0,1.0,1.0
eregalloc-c2+spectral,fixture:sudoku-solver,correct,1.0,1.0,1.0
eregalloc-c2+spectral,fixture:sudoku-solver,run_median_s,0.000797,0.00091,0.8758241758241758
eregalloc-c2+spectral,fixture:sudoku-solver,run_min_s,0.000761,0.00073,1.0424657534246575
eregalloc-c2+spectral,corpus:div_recurrence,compile_s,5.965,5.651,1.0555653866572288
eregalloc-c2+spectral,corpus:div_recurrence,obj_bytes,22752.0,22776.0,0.9989462592202318
eregalloc-c2+spectral,corpus:div_recurrence,text_bytes,19127.0,19147.0,0.9989554499399383
eregalloc-c2+spectral,corpus:div_recurrence,insns,4664.0,4669.0,0.9989291068751338
eregalloc-c2+spectral,corpus:div_recurrence,ldr_sp,895.0,929.0,0.9634015069967707
eregalloc-c2+spectral,corpus:div_recurrence,str_sp,861.0,852.0,1.0105633802816902
eregalloc-c2+spectral,corpus:div_recurrence,ldp_sp,0.0,0.0,
eregalloc-c2+spectral,corpus:div_recurrence,stp_sp,0.0,0.0,
eregalloc-c2+spectral,corpus:div_recurrence,mov_imm,806.0,786.0,1.025445292620865
eregalloc-c2+spectral,corpus:div_recurrence,objects,1.0,1.0,1.0
eregalloc-c2+spectral,corpus:div_recurrence,kfn_insns,135.0,132.0,1.0227272727272727
eregalloc-c2+spectral,corpus:div_recurrence,kfn_ldr_sp,25.0,25.0,1.0
eregalloc-c2+spectral,corpus:div_recurrence,kfn_str_sp,22.0,20.0,1.1
eregalloc-c2+spectral,corpus:div_recurrence,kfn_ldp_sp,0.0,0.0,
eregalloc-c2+spectral,corpus:div_recurrence,kfn_stp_sp,0.0,0.0,
eregalloc-c2+spectral,corpus:div_recurrence,kfn_mov_imm,36.0,35.0,1.0285714285714285
eregalloc-c2+spectral,corpus:div_recurrence,kfn_symbols,1.0,1.0,1.0
eregalloc-c2+spectral,corpus:div_recurrence,correct,1.0,1.0,1.0
eregalloc-c2+spectral,corpus:div_recurrence,run_median_s,0.653874,0.656767,0.9955950892782371
eregalloc-c2+spectral,corpus:div_recurrence,run_min_s,0.646287,0.647906,0.9975011807268338
eregalloc-c2+spectral,corpus:dot_product,compile_s,6.148,5.775,1.0645887445887445
eregalloc-c2+spectral,corpus:dot_product,obj_bytes,26960.0,26952.0,1.0002968239833778
eregalloc-c2+spectral,corpus:dot_product,text_bytes,23316.0,23312.0,1.0001715854495539
eregalloc-c2+spectral,corpus:dot_product,insns,5744.0,5743.0,1.0001741250217657
eregalloc-c2+spectral,corpus:dot_product,ldr_sp,1026.0,1056.0,0.9715909090909091
eregalloc-c2+spectral,corpus:dot_product,str_sp,1225.0,1214.0,1.0090609555189456
eregalloc-c2+spectral,corpus:dot_product,ldp_sp,0.0,0.0,
eregalloc-c2+spectral,corpus:dot_product,stp_sp,0.0,0.0,
eregalloc-c2+spectral,corpus:dot_product,mov_imm,1155.0,1135.0,1.0176211453744493
eregalloc-c2+spectral,corpus:dot_product,objects,1.0,1.0,1.0
eregalloc-c2+spectral,corpus:dot_product,kfn_insns,216.0,211.0,1.0236966824644549
eregalloc-c2+spectral,corpus:dot_product,kfn_ldr_sp,46.0,44.0,1.0454545454545454
eregalloc-c2+spectral,corpus:dot_product,kfn_str_sp,30.0,27.0,1.1111111111111112
eregalloc-c2+spectral,corpus:dot_product,kfn_ldp_sp,0.0,0.0,
eregalloc-c2+spectral,corpus:dot_product,kfn_stp_sp,0.0,0.0,
eregalloc-c2+spectral,corpus:dot_product,kfn_mov_imm,49.0,49.0,1.0
eregalloc-c2+spectral,corpus:dot_product,kfn_symbols,1.0,1.0,1.0
eregalloc-c2+spectral,corpus:dot_product,correct,1.0,1.0,1.0
eregalloc-c2+spectral,corpus:dot_product,run_median_s,3.692541,3.421678,1.0791608678548945
eregalloc-c2+spectral,corpus:dot_product,run_min_s,3.659773,3.412091,1.0725895059656967
eregalloc-c2+spectral,corpus:elementwise_chain,compile_s,6.972,5.638,1.2366087264987584
eregalloc-c2+spectral,corpus:elementwise_chain,obj_bytes,23456.0,23472.0,0.9993183367416496
eregalloc-c2+spectral,corpus:elementwise_chain,text_bytes,19823.0,19839.0,0.9991935077372851
eregalloc-c2+spectral,corpus:elementwise_chain,insns,4838.0,4842.0,0.9991738950846758
eregalloc-c2+spectral,corpus:elementwise_chain,ldr_sp,900.0,934.0,0.9635974304068522
eregalloc-c2+spectral,corpus:elementwise_chain,str_sp,859.0,850.0,1.0105882352941176
eregalloc-c2+spectral,corpus:elementwise_chain,ldp_sp,0.0,0.0,
eregalloc-c2+spectral,corpus:elementwise_chain,stp_sp,0.0,0.0,
eregalloc-c2+spectral,corpus:elementwise_chain,mov_imm,918.0,897.0,1.0234113712374582
eregalloc-c2+spectral,corpus:elementwise_chain,objects,1.0,1.0,1.0
eregalloc-c2+spectral,corpus:elementwise_chain,kfn_insns,316.0,312.0,1.0128205128205128
eregalloc-c2+spectral,corpus:elementwise_chain,kfn_ldr_sp,33.0,33.0,1.0
eregalloc-c2+spectral,corpus:elementwise_chain,kfn_str_sp,23.0,21.0,1.0952380952380953
eregalloc-c2+spectral,corpus:elementwise_chain,kfn_ldp_sp,0.0,0.0,
eregalloc-c2+spectral,corpus:elementwise_chain,kfn_stp_sp,0.0,0.0,
eregalloc-c2+spectral,corpus:elementwise_chain,kfn_mov_imm,145.0,143.0,1.013986013986014
eregalloc-c2+spectral,corpus:elementwise_chain,kfn_symbols,1.0,1.0,1.0
eregalloc-c2+spectral,corpus:elementwise_chain,correct,1.0,1.0,1.0
eregalloc-c2+spectral,corpus:elementwise_chain,run_median_s,7.033919,5.312785,1.3239607851625843
eregalloc-c2+spectral,corpus:elementwise_chain,run_min_s,6.904793,5.07029,1.3618142157549173
eregalloc-c2+spectral,corpus:gemm_control,compile_s,6.966,6.523,1.067913536716235
eregalloc-c2+spectral,corpus:gemm_control,obj_bytes,23096.0,23112.0,0.9993077189338871
eregalloc-c2+spectral,corpus:gemm_control,text_bytes,19479.0,19495.0,0.9991792767376251
eregalloc-c2+spectral,corpus:gemm_control,insns,4752.0,4756.0,0.9991589571068125
eregalloc-c2+spectral,corpus:gemm_control,ldr_sp,941.0,974.0,0.9661190965092402
eregalloc-c2+spectral,corpus:gemm_control,str_sp,887.0,877.0,1.0114025085518814
eregalloc-c2+spectral,corpus:gemm_control,ldp_sp,0.0,0.0,
eregalloc-c2+spectral,corpus:gemm_control,stp_sp,0.0,0.0,
eregalloc-c2+spectral,corpus:gemm_control,mov_imm,808.0,789.0,1.0240811153358682
eregalloc-c2+spectral,corpus:gemm_control,objects,1.0,1.0,1.0
eregalloc-c2+spectral,corpus:gemm_control,kfn_insns,155.0,151.0,1.0264900662251655
eregalloc-c2+spectral,corpus:gemm_control,kfn_ldr_sp,37.0,36.0,1.0277777777777777
eregalloc-c2+spectral,corpus:gemm_control,kfn_str_sp,26.0,23.0,1.1304347826086956
eregalloc-c2+spectral,corpus:gemm_control,kfn_ldp_sp,0.0,0.0,
eregalloc-c2+spectral,corpus:gemm_control,kfn_stp_sp,0.0,0.0,
eregalloc-c2+spectral,corpus:gemm_control,kfn_mov_imm,32.0,32.0,1.0
eregalloc-c2+spectral,corpus:gemm_control,kfn_symbols,1.0,1.0,1.0
eregalloc-c2+spectral,corpus:gemm_control,correct,1.0,1.0,1.0
eregalloc-c2+spectral,corpus:gemm_control,run_median_s,4.602539,4.648336,0.9901476571401036
eregalloc-c2+spectral,corpus:gemm_control,run_min_s,4.560241,4.599431,0.9914793808190623
eregalloc-c2+spectral,corpus:gemm_tiled,compile_s,6.314,6.897,0.9154704944178628
eregalloc-c2+spectral,corpus:gemm_tiled,obj_bytes,30336.0,30320.0,1.0005277044854881
eregalloc-c2+spectral,corpus:gemm_tiled,text_bytes,26723.0,26711.0,1.0004492531166935
eregalloc-c2+spectral,corpus:gemm_tiled,insns,6563.0,6560.0,1.0004573170731708
eregalloc-c2+spectral,corpus:gemm_tiled,ldr_sp,993.0,1028.0,0.9659533073929961
eregalloc-c2+spectral,corpus:gemm_tiled,str_sp,1690.0,1675.0,1.008955223880597
eregalloc-c2+spectral,corpus:gemm_tiled,ldp_sp,0.0,0.0,
eregalloc-c2+spectral,corpus:gemm_tiled,stp_sp,0.0,0.0,
eregalloc-c2+spectral,corpus:gemm_tiled,mov_imm,1636.0,1613.0,1.014259144451333
eregalloc-c2+spectral,corpus:gemm_tiled,objects,1.0,1.0,1.0
eregalloc-c2+spectral,corpus:gemm_tiled,kfn_insns,2029.0,2018.0,1.0054509415262636
eregalloc-c2+spectral,corpus:gemm_tiled,kfn_ldr_sp,120.0,121.0,0.9917355371900827
eregalloc-c2+spectral,corpus:gemm_tiled,kfn_str_sp,851.0,843.0,1.0094899169632265
eregalloc-c2+spectral,corpus:gemm_tiled,kfn_ldp_sp,0.0,0.0,
eregalloc-c2+spectral,corpus:gemm_tiled,kfn_stp_sp,0.0,0.0,
eregalloc-c2+spectral,corpus:gemm_tiled,kfn_mov_imm,863.0,859.0,1.0046565774155995
eregalloc-c2+spectral,corpus:gemm_tiled,kfn_symbols,1.0,1.0,1.0
eregalloc-c2+spectral,corpus:gemm_tiled,correct,1.0,1.0,1.0
eregalloc-c2+spectral,corpus:gemm_tiled,run_median_s,19.422982,21.268538,0.9132260054734369
eregalloc-c2+spectral,corpus:gemm_tiled,run_min_s,19.412744,19.080657,1.0174043797338845
eregalloc-c2+spectral,corpus:histogram,compile_s,6.675,6.182,1.0797476544807505
eregalloc-c2+spectral,corpus:histogram,obj_bytes,25008.0,25016.0,0.9996802046690119
eregalloc-c2+spectral,corpus:histogram,text_bytes,21419.0,21431.0,0.9994400634594746
eregalloc-c2+spectral,corpus:histogram,insns,5237.0,5240.0,0.9994274809160305
eregalloc-c2+spectral,corpus:histogram,ldr_sp,907.0,938.0,0.9669509594882729
eregalloc-c2+spectral,corpus:histogram,str_sp,1117.0,1109.0,1.0072137060414788
eregalloc-c2+spectral,corpus:histogram,ldp_sp,0.0,0.0,
eregalloc-c2+spectral,corpus:histogram,stp_sp,0.0,0.0,
eregalloc-c2+spectral,corpus:histogram,mov_imm,1077.0,1057.0,1.0189214758751182
eregalloc-c2+spectral,corpus:histogram,objects,1.0,1.0,1.0
eregalloc-c2+spectral,corpus:histogram,kfn_insns,235.0,226.0,1.0398230088495575
eregalloc-c2+spectral,corpus:histogram,kfn_ldr_sp,48.0,45.0,1.0666666666666667
eregalloc-c2+spectral,corpus:histogram,kfn_str_sp,34.0,29.0,1.1724137931034482
eregalloc-c2+spectral,corpus:histogram,kfn_ldp_sp,0.0,0.0,
eregalloc-c2+spectral,corpus:histogram,kfn_stp_sp,0.0,0.0,
eregalloc-c2+spectral,corpus:histogram,kfn_mov_imm,55.0,54.0,1.0185185185185186
eregalloc-c2+spectral,corpus:histogram,kfn_symbols,1.0,1.0,1.0
eregalloc-c2+spectral,corpus:histogram,correct,1.0,1.0,1.0
eregalloc-c2+spectral,corpus:histogram,run_median_s,4.903991,4.955482,0.9896092852319917
eregalloc-c2+spectral,corpus:histogram,run_min_s,4.846576,4.454142,1.0881054084041326
