config,target,metric,value
baseline,fixture:pure-rust-aarch64,compile_s,0.431
baseline,fixture:pure-rust-aarch64,obj_bytes,9536
baseline,fixture:pure-rust-aarch64,text_bytes,6697
baseline,fixture:pure-rust-aarch64,insns,1640
baseline,fixture:pure-rust-aarch64,ldr_sp,217
baseline,fixture:pure-rust-aarch64,str_sp,223
baseline,fixture:pure-rust-aarch64,ldp_sp,0
baseline,fixture:pure-rust-aarch64,stp_sp,0
baseline,fixture:pure-rust-aarch64,mov_imm,484
baseline,fixture:pure-rust-aarch64,objects,1
baseline,fixture:pure-rust-aarch64,correct,1
baseline,fixture:pure-rust-aarch64,run_median_s,0.000979
baseline,fixture:pure-rust-aarch64,run_min_s,0.000657
weighted,fixture:pure-rust-aarch64,compile_s,0.445
weighted,fixture:pure-rust-aarch64,obj_bytes,9728
weighted,fixture:pure-rust-aarch64,text_bytes,6889
weighted,fixture:pure-rust-aarch64,insns,1688
weighted,fixture:pure-rust-aarch64,ldr_sp,237
weighted,fixture:pure-rust-aarch64,str_sp,251
weighted,fixture:pure-rust-aarch64,ldp_sp,0
weighted,fixture:pure-rust-aarch64,stp_sp,0
weighted,fixture:pure-rust-aarch64,mov_imm,484
weighted,fixture:pure-rust-aarch64,objects,1
weighted,fixture:pure-rust-aarch64,correct,1
weighted,fixture:pure-rust-aarch64,run_median_s,0.000802
weighted,fixture:pure-rust-aarch64,run_min_s,0.000597
weighted+remat,fixture:pure-rust-aarch64,compile_s,0.431
weighted+remat,fixture:pure-rust-aarch64,obj_bytes,9728
weighted+remat,fixture:pure-rust-aarch64,text_bytes,6889
weighted+remat,fixture:pure-rust-aarch64,insns,1688
weighted+remat,fixture:pure-rust-aarch64,ldr_sp,220
weighted+remat,fixture:pure-rust-aarch64,str_sp,251
weighted+remat,fixture:pure-rust-aarch64,ldp_sp,0
weighted+remat,fixture:pure-rust-aarch64,stp_sp,0
weighted+remat,fixture:pure-rust-aarch64,mov_imm,501
weighted+remat,fixture:pure-rust-aarch64,objects,1
weighted+remat,fixture:pure-rust-aarch64,correct,1
weighted+remat,fixture:pure-rust-aarch64,run_median_s,0.00073
weighted+remat,fixture:pure-rust-aarch64,run_min_s,0.000644
weighted+remat+spectral,fixture:pure-rust-aarch64,compile_s,0.444
weighted+remat+spectral,fixture:pure-rust-aarch64,obj_bytes,9728
weighted+remat+spectral,fixture:pure-rust-aarch64,text_bytes,6889
weighted+remat+spectral,fixture:pure-rust-aarch64,insns,1688
weighted+remat+spectral,fixture:pure-rust-aarch64,ldr_sp,220
weighted+remat+spectral,fixture:pure-rust-aarch64,str_sp,251
weighted+remat+spectral,fixture:pure-rust-aarch64,ldp_sp,0
weighted+remat+spectral,fixture:pure-rust-aarch64,stp_sp,0
weighted+remat+spectral,fixture:pure-rust-aarch64,mov_imm,501
weighted+remat+spectral,fixture:pure-rust-aarch64,objects,1
weighted+remat+spectral,fixture:pure-rust-aarch64,correct,1
weighted+remat+spectral,fixture:pure-rust-aarch64,run_median_s,0.000726
weighted+remat+spectral,fixture:pure-rust-aarch64,run_min_s,0.000636
eregalloc-c0,fixture:pure-rust-aarch64,compile_s,0.426
eregalloc-c0,fixture:pure-rust-aarch64,obj_bytes,9536
eregalloc-c0,fixture:pure-rust-aarch64,text_bytes,6697
eregalloc-c0,fixture:pure-rust-aarch64,insns,1640
eregalloc-c0,fixture:pure-rust-aarch64,ldr_sp,208
eregalloc-c0,fixture:pure-rust-aarch64,str_sp,223
eregalloc-c0,fixture:pure-rust-aarch64,ldp_sp,0
eregalloc-c0,fixture:pure-rust-aarch64,stp_sp,0
eregalloc-c0,fixture:pure-rust-aarch64,mov_imm,493
eregalloc-c0,fixture:pure-rust-aarch64,objects,1
eregalloc-c0,fixture:pure-rust-aarch64,correct,1
eregalloc-c0,fixture:pure-rust-aarch64,run_median_s,0.000495
eregalloc-c0,fixture:pure-rust-aarch64,run_min_s,0.000446
eregalloc-c0+spectral,fixture:pure-rust-aarch64,compile_s,0.435
eregalloc-c0+spectral,fixture:pure-rust-aarch64,obj_bytes,9536
eregalloc-c0+spectral,fixture:pure-rust-aarch64,text_bytes,6697
eregalloc-c0+spectral,fixture:pure-rust-aarch64,insns,1640
eregalloc-c0+spectral,fixture:pure-rust-aarch64,ldr_sp,208
eregalloc-c0+spectral,fixture:pure-rust-aarch64,str_sp,223
eregalloc-c0+spectral,fixture:pure-rust-aarch64,ldp_sp,0
eregalloc-c0+spectral,fixture:pure-rust-aarch64,stp_sp,0
eregalloc-c0+spectral,fixture:pure-rust-aarch64,mov_imm,493
eregalloc-c0+spectral,fixture:pure-rust-aarch64,objects,1
eregalloc-c0+spectral,fixture:pure-rust-aarch64,correct,1
eregalloc-c0+spectral,fixture:pure-rust-aarch64,run_median_s,0.000844
eregalloc-c0+spectral,fixture:pure-rust-aarch64,run_min_s,0.000639
eregalloc-c2,fixture:pure-rust-aarch64,compile_s,0.607
eregalloc-c2,fixture:pure-rust-aarch64,obj_bytes,9536
eregalloc-c2,fixture:pure-rust-aarch64,text_bytes,6697
eregalloc-c2,fixture:pure-rust-aarch64,insns,1640
eregalloc-c2,fixture:pure-rust-aarch64,ldr_sp,208
eregalloc-c2,fixture:pure-rust-aarch64,str_sp,223
eregalloc-c2,fixture:pure-rust-aarch64,ldp_sp,0
eregalloc-c2,fixture:pure-rust-aarch64,stp_sp,0
eregalloc-c2,fixture:pure-rust-aarch64,mov_imm,493
eregalloc-c2,fixture:pure-rust-aarch64,objects,1
eregalloc-c2,fixture:pure-rust-aarch64,correct,1
eregalloc-c2,fixture:pure-rust-aarch64,run_median_s,0.000743
eregalloc-c2,fixture:pure-rust-aarch64,run_min_s,0.000578
eregalloc-c2+spectral,fixture:pure-rust-aarch64,compile_s,0.613
eregalloc-c2+spectral,fixture:pure-rust-aarch64,obj_bytes,9536
eregalloc-c2+spectral,fixture:pure-rust-aarch64,text_bytes,6697
eregalloc-c2+spectral,fixture:pure-rust-aarch64,insns,1640
eregalloc-c2+spectral,fixture:pure-rust-aarch64,ldr_sp,208
eregalloc-c2+spectral,fixture:pure-rust-aarch64,str_sp,223
eregalloc-c2+spectral,fixture:pure-rust-aarch64,ldp_sp,0
eregalloc-c2+spectral,fixture:pure-rust-aarch64,stp_sp,0
eregalloc-c2+spectral,fixture:pure-rust-aarch64,mov_imm,493
eregalloc-c2+spectral,fixture:pure-rust-aarch64,objects,1
eregalloc-c2+spectral,fixture:pure-rust-aarch64,correct,1
eregalloc-c2+spectral,fixture:pure-rust-aarch64,run_median_s,0.000964
eregalloc-c2+spectral,fixture:pure-rust-aarch64,run_min_s,0.000642
baseline,fixture:structs-aarch64,compile_s,0.126
baseline,fixture:structs-aarch64,obj_bytes,2040
baseline,fixture:structs-aarch64,text_bytes,624
baseline,fixture:structs-aarch64,insns,156
baseline,fixture:structs-aarch64,ldr_sp,18
baseline,fixture:structs-aarch64,str_sp,12
baseline,fixture:structs-aarch64,ldp_sp,0
baseline,fixture:structs-aarch64,stp_sp,0
baseline,fixture:structs-aarch64,mov_imm,51
baseline,fixture:structs-aarch64,objects,1
baseline,fixture:structs-aarch64,correct,1
baseline,fixture:structs-aarch64,run_median_s,0.000734
baseline,fixture:structs-aarch64,run_min_s,0.000622
weighted,fixture:structs-aarch64,compile_s,0.148
weighted,fixture:structs-aarch64,obj_bytes,2040
weighted,fixture:structs-aarch64,text_bytes,620
weighted,fixture:structs-aarch64,insns,155
weighted,fixture:structs-aarch64,ldr_sp,17
weighted,fixture:structs-aarch64,str_sp,12
weighted,fixture:structs-aarch64,ldp_sp,0
weighted,fixture:structs-aarch64,stp_sp,0
weighted,fixture:structs-aarch64,mov_imm,51
weighted,fixture:structs-aarch64,objects,1
weighted,fixture:structs-aarch64,correct,1
weighted,fixture:structs-aarch64,run_median_s,0.00075
weighted,fixture:structs-aarch64,run_min_s,0.000629
weighted+remat,fixture:structs-aarch64,compile_s,0.145
weighted+remat,fixture:structs-aarch64,obj_bytes,2040
weighted+remat,fixture:structs-aarch64,text_bytes,620
weighted+remat,fixture:structs-aarch64,insns,155
weighted+remat,fixture:structs-aarch64,ldr_sp,17
weighted+remat,fixture:structs-aarch64,str_sp,12
weighted+remat,fixture:structs-aarch64,ldp_sp,0
weighted+remat,fixture:structs-aarch64,stp_sp,0
weighted+remat,fixture:structs-aarch64,mov_imm,51
weighted+remat,fixture:structs-aarch64,objects,1
weighted+remat,fixture:structs-aarch64,correct,1
weighted+remat,fixture:structs-aarch64,run_median_s,0.00071
weighted+remat,fixture:structs-aarch64,run_min_s,0.000636
weighted+remat+spectral,fixture:structs-aarch64,compile_s,0.126
weighted+remat+spectral,fixture:structs-aarch64,obj_bytes,2040
weighted+remat+spectral,fixture:structs-aarch64,text_bytes,620
weighted+remat+spectral,fixture:structs-aarch64,insns,155
weighted+remat+spectral,fixture:structs-aarch64,ldr_sp,17
weighted+remat+spectral,fixture:structs-aarch64,str_sp,12
weighted+remat+spectral,fixture:structs-aarch64,ldp_sp,0
weighted+remat+spectral,fixture:structs-aarch64,stp_sp,0
weighted+remat+spectral,fixture:structs-aarch64,mov_imm,51
weighted+remat+spectral,fixture:structs-aarch64,objects,1
weighted+remat+spectral,fixture:structs-aarch64,correct,1
weighted+remat+spectral,fixture:structs-aarch64,run_median_s,0.000745
weighted+remat+spectral,fixture:structs-aarch64,run_min_s,0.000566
eregalloc-c0,fixture:structs-aarch64,compile_s,0.131
eregalloc-c0,fixture:structs-aarch64,obj_bytes,2040
eregalloc-c0,fixture:structs-aarch64,text_bytes,620
eregalloc-c0,fixture:structs-aarch64,insns,155
eregalloc-c0,fixture:structs-aarch64,ldr_sp,17
eregalloc-c0,fixture:structs-aarch64,str_sp,12
eregalloc-c0,fixture:structs-aarch64,ldp_sp,0
eregalloc-c0,fixture:structs-aarch64,stp_sp,0
eregalloc-c0,fixture:structs-aarch64,mov_imm,51
eregalloc-c0,fixture:structs-aarch64,objects,1
eregalloc-c0,fixture:structs-aarch64,correct,1
eregalloc-c0,fixture:structs-aarch64,run_median_s,0.000747
eregalloc-c0,fixture:structs-aarch64,run_min_s,0.000631
eregalloc-c0+spectral,fixture:structs-aarch64,compile_s,0.153
eregalloc-c0+spectral,fixture:structs-aarch64,obj_bytes,2040
eregalloc-c0+spectral,fixture:structs-aarch64,text_bytes,620
eregalloc-c0+spectral,fixture:structs-aarch64,insns,155
eregalloc-c0+spectral,fixture:structs-aarch64,ldr_sp,17
eregalloc-c0+spectral,fixture:structs-aarch64,str_sp,12
eregalloc-c0+spectral,fixture:structs-aarch64,ldp_sp,0
eregalloc-c0+spectral,fixture:structs-aarch64,stp_sp,0
eregalloc-c0+spectral,fixture:structs-aarch64,mov_imm,51
eregalloc-c0+spectral,fixture:structs-aarch64,objects,1
eregalloc-c0+spectral,fixture:structs-aarch64,correct,1
eregalloc-c0+spectral,fixture:structs-aarch64,run_median_s,0.000832
eregalloc-c0+spectral,fixture:structs-aarch64,run_min_s,0.000654
eregalloc-c2,fixture:structs-aarch64,compile_s,0.155
eregalloc-c2,fixture:structs-aarch64,obj_bytes,2040
eregalloc-c2,fixture:structs-aarch64,text_bytes,620
eregalloc-c2,fixture:structs-aarch64,insns,155
eregalloc-c2,fixture:structs-aarch64,ldr_sp,17
eregalloc-c2,fixture:structs-aarch64,str_sp,12
eregalloc-c2,fixture:structs-aarch64,ldp_sp,0
eregalloc-c2,fixture:structs-aarch64,stp_sp,0
eregalloc-c2,fixture:structs-aarch64,mov_imm,51
eregalloc-c2,fixture:structs-aarch64,objects,1
eregalloc-c2,fixture:structs-aarch64,correct,1
eregalloc-c2,fixture:structs-aarch64,run_median_s,0.000952
eregalloc-c2,fixture:structs-aarch64,run_min_s,0.00063
eregalloc-c2+spectral,fixture:structs-aarch64,compile_s,0.145
eregalloc-c2+spectral,fixture:structs-aarch64,obj_bytes,2040
eregalloc-c2+spectral,fixture:structs-aarch64,text_bytes,620
eregalloc-c2+spectral,fixture:structs-aarch64,insns,155
eregalloc-c2+spectral,fixture:structs-aarch64,ldr_sp,17
eregalloc-c2+spectral,fixture:structs-aarch64,str_sp,12
eregalloc-c2+spectral,fixture:structs-aarch64,ldp_sp,0
eregalloc-c2+spectral,fixture:structs-aarch64,stp_sp,0
eregalloc-c2+spectral,fixture:structs-aarch64,mov_imm,51
eregalloc-c2+spectral,fixture:structs-aarch64,objects,1
eregalloc-c2+spectral,fixture:structs-aarch64,correct,1
eregalloc-c2+spectral,fixture:structs-aarch64,run_median_s,0.000953
eregalloc-c2+spectral,fixture:structs-aarch64,run_min_s,0.000647
baseline,fixture:hello-world-aarch64,compile_s,0.133
baseline,fixture:hello-world-aarch64,obj_bytes,1728
baseline,fixture:hello-world-aarch64,text_bytes,351
baseline,fixture:hello-world-aarch64,insns,85
baseline,fixture:hello-world-aarch64,ldr_sp,13
baseline,fixture:hello-world-aarch64,str_sp,13
baseline,fixture:hello-world-aarch64,ldp_sp,0
baseline,fixture:hello-world-aarch64,stp_sp,0
baseline,fixture:hello-world-aarch64,mov_imm,8
baseline,fixture:hello-world-aarch64,objects,1
baseline,fixture:hello-world-aarch64,correct,1
baseline,fixture:hello-world-aarch64,run_median_s,0.000756
baseline,fixture:hello-world-aarch64,run_min_s,0.000674
weighted,fixture:hello-world-aarch64,compile_s,0.145
weighted,fixture:hello-world-aarch64,obj_bytes,1728
weighted,fixture:hello-world-aarch64,text_bytes,351
weighted,fixture:hello-world-aarch64,insns,85
weighted,fixture:hello-world-aarch64,ldr_sp,13
weighted,fixture:hello-world-aarch64,str_sp,13
weighted,fixture:hello-world-aarch64,ldp_sp,0
weighted,fixture:hello-world-aarch64,stp_sp,0
weighted,fixture:hello-world-aarch64,mov_imm,8
weighted,fixture:hello-world-aarch64,objects,1
weighted,fixture:hello-world-aarch64,correct,1
weighted,fixture:hello-world-aarch64,run_median_s,0.000871
weighted,fixture:hello-world-aarch64,run_min_s,0.000673
weighted+remat,fixture:hello-world-aarch64,compile_s,0.125
weighted+remat,fixture:hello-world-aarch64,obj_bytes,1728
weighted+remat,fixture:hello-world-aarch64,text_bytes,351
weighted+remat,fixture:hello-world-aarch64,insns,85
weighted+remat,fixture:hello-world-aarch64,ldr_sp,13
weighted+remat,fixture:hello-world-aarch64,str_sp,13
weighted+remat,fixture:hello-world-aarch64,ldp_sp,0
weighted+remat,fixture:hello-world-aarch64,stp_sp,0
weighted+remat,fixture:hello-world-aarch64,mov_imm,8
weighted+remat,fixture:hello-world-aarch64,objects,1
weighted+remat,fixture:hello-world-aarch64,correct,1
weighted+remat,fixture:hello-world-aarch64,run_median_s,0.000778
weighted+remat,fixture:hello-world-aarch64,run_min_s,0.000655
weighted+remat+spectral,fixture:hello-world-aarch64,compile_s,0.145
weighted+remat+spectral,fixture:hello-world-aarch64,obj_bytes,1728
weighted+remat+spectral,fixture:hello-world-aarch64,text_bytes,351
weighted+remat+spectral,fixture:hello-world-aarch64,insns,85
weighted+remat+spectral,fixture:hello-world-aarch64,ldr_sp,13
weighted+remat+spectral,fixture:hello-world-aarch64,str_sp,13
weighted+remat+spectral,fixture:hello-world-aarch64,ldp_sp,0
weighted+remat+spectral,fixture:hello-world-aarch64,stp_sp,0
weighted+remat+spectral,fixture:hello-world-aarch64,mov_imm,8
weighted+remat+spectral,fixture:hello-world-aarch64,objects,1
weighted+remat+spectral,fixture:hello-world-aarch64,correct,1
weighted+remat+spectral,fixture:hello-world-aarch64,run_median_s,0.000981
weighted+remat+spectral,fixture:hello-world-aarch64,run_min_s,0.000687
eregalloc-c0,fixture:hello-world-aarch64,compile_s,0.145
eregalloc-c0,fixture:hello-world-aarch64,obj_bytes,1728
eregalloc-c0,fixture:hello-world-aarch64,text_bytes,351
eregalloc-c0,fixture:hello-world-aarch64,insns,85
eregalloc-c0,fixture:hello-world-aarch64,ldr_sp,13
eregalloc-c0,fixture:hello-world-aarch64,str_sp,13
eregalloc-c0,fixture:hello-world-aarch64,ldp_sp,0
eregalloc-c0,fixture:hello-world-aarch64,stp_sp,0
eregalloc-c0,fixture:hello-world-aarch64,mov_imm,8
eregalloc-c0,fixture:hello-world-aarch64,objects,1
eregalloc-c0,fixture:hello-world-aarch64,correct,1
eregalloc-c0,fixture:hello-world-aarch64,run_median_s,0.000978
eregalloc-c0,fixture:hello-world-aarch64,run_min_s,0.000654
eregalloc-c0+spectral,fixture:hello-world-aarch64,compile_s,0.135
eregalloc-c0+spectral,fixture:hello-world-aarch64,obj_bytes,1728
eregalloc-c0+spectral,fixture:hello-world-aarch64,text_bytes,351
eregalloc-c0+spectral,fixture:hello-world-aarch64,insns,85
eregalloc-c0+spectral,fixture:hello-world-aarch64,ldr_sp,13
eregalloc-c0+spectral,fixture:hello-world-aarch64,str_sp,13
eregalloc-c0+spectral,fixture:hello-world-aarch64,ldp_sp,0
eregalloc-c0+spectral,fixture:hello-world-aarch64,stp_sp,0
eregalloc-c0+spectral,fixture:hello-world-aarch64,mov_imm,8
eregalloc-c0+spectral,fixture:hello-world-aarch64,objects,1
eregalloc-c0+spectral,fixture:hello-world-aarch64,correct,1
eregalloc-c0+spectral,fixture:hello-world-aarch64,run_median_s,0.000882
eregalloc-c0+spectral,fixture:hello-world-aarch64,run_min_s,0.000554
eregalloc-c2,fixture:hello-world-aarch64,compile_s,0.143
eregalloc-c2,fixture:hello-world-aarch64,obj_bytes,1728
eregalloc-c2,fixture:hello-world-aarch64,text_bytes,351
eregalloc-c2,fixture:hello-world-aarch64,insns,85
eregalloc-c2,fixture:hello-world-aarch64,ldr_sp,13
eregalloc-c2,fixture:hello-world-aarch64,str_sp,13
eregalloc-c2,fixture:hello-world-aarch64,ldp_sp,0
eregalloc-c2,fixture:hello-world-aarch64,stp_sp,0
eregalloc-c2,fixture:hello-world-aarch64,mov_imm,8
eregalloc-c2,fixture:hello-world-aarch64,objects,1
eregalloc-c2,fixture:hello-world-aarch64,correct,1
eregalloc-c2,fixture:hello-world-aarch64,run_median_s,0.001002
eregalloc-c2,fixture:hello-world-aarch64,run_min_s,0.000708
eregalloc-c2+spectral,fixture:hello-world-aarch64,compile_s,0.152
eregalloc-c2+spectral,fixture:hello-world-aarch64,obj_bytes,1728
eregalloc-c2+spectral,fixture:hello-world-aarch64,text_bytes,351
eregalloc-c2+spectral,fixture:hello-world-aarch64,insns,85
eregalloc-c2+spectral,fixture:hello-world-aarch64,ldr_sp,13
eregalloc-c2+spectral,fixture:hello-world-aarch64,str_sp,13
eregalloc-c2+spectral,fixture:hello-world-aarch64,ldp_sp,0
eregalloc-c2+spectral,fixture:hello-world-aarch64,stp_sp,0
eregalloc-c2+spectral,fixture:hello-world-aarch64,mov_imm,8
eregalloc-c2+spectral,fixture:hello-world-aarch64,objects,1
eregalloc-c2+spectral,fixture:hello-world-aarch64,correct,1
eregalloc-c2+spectral,fixture:hello-world-aarch64,run_median_s,0.000743
eregalloc-c2+spectral,fixture:hello-world-aarch64,run_min_s,0.000628
baseline,fixture:fp-aarch64,compile_s,1.657
baseline,fixture:fp-aarch64,obj_bytes,37696
baseline,fixture:fp-aarch64,text_bytes,31243
baseline,fixture:fp-aarch64,insns,7643
baseline,fixture:fp-aarch64,ldr_sp,1666
baseline,fixture:fp-aarch64,str_sp,1625
baseline,fixture:fp-aarch64,ldp_sp,0
baseline,fixture:fp-aarch64,stp_sp,0
baseline,fixture:fp-aarch64,mov_imm,1113
baseline,fixture:fp-aarch64,objects,1
baseline,fixture:fp-aarch64,correct,1
baseline,fixture:fp-aarch64,run_median_s,0.000918
baseline,fixture:fp-aarch64,run_min_s,0.000589
weighted,fixture:fp-aarch64,compile_s,1.653
weighted,fixture:fp-aarch64,obj_bytes,37880
weighted,fixture:fp-aarch64,text_bytes,31431
weighted,fixture:fp-aarch64,insns,7690
weighted,fixture:fp-aarch64,ldr_sp,1680
weighted,fixture:fp-aarch64,str_sp,1658
weighted,fixture:fp-aarch64,ldp_sp,0
weighted,fixture:fp-aarch64,stp_sp,0
weighted,fixture:fp-aarch64,mov_imm,1113
weighted,fixture:fp-aarch64,objects,1
weighted,fixture:fp-aarch64,correct,1
weighted,fixture:fp-aarch64,run_median_s,0.000925
weighted,fixture:fp-aarch64,run_min_s,0.000697
weighted+remat,fixture:fp-aarch64,compile_s,1.673
weighted+remat,fixture:fp-aarch64,obj_bytes,41032
weighted+remat,fixture:fp-aarch64,text_bytes,34583
weighted+remat,fixture:fp-aarch64,insns,8478
weighted+remat,fixture:fp-aarch64,ldr_sp,1635
weighted+remat,fixture:fp-aarch64,str_sp,2048
weighted+remat,fixture:fp-aarch64,ldp_sp,0
weighted+remat,fixture:fp-aarch64,stp_sp,0
weighted+remat,fixture:fp-aarch64,mov_imm,1554
weighted+remat,fixture:fp-aarch64,objects,1
weighted+remat,fixture:fp-aarch64,correct,1
weighted+remat,fixture:fp-aarch64,run_median_s,0.000976
weighted+remat,fixture:fp-aarch64,run_min_s,0.000692
weighted+remat+spectral,fixture:fp-aarch64,compile_s,1.675
weighted+remat+spectral,fixture:fp-aarch64,obj_bytes,41072
weighted+remat+spectral,fixture:fp-aarch64,text_bytes,34623
weighted+remat+spectral,fixture:fp-aarch64,insns,8488
weighted+remat+spectral,fixture:fp-aarch64,ldr_sp,1640
weighted+remat+spectral,fixture:fp-aarch64,str_sp,2052
weighted+remat+spectral,fixture:fp-aarch64,ldp_sp,0
weighted+remat+spectral,fixture:fp-aarch64,stp_sp,0
weighted+remat+spectral,fixture:fp-aarch64,mov_imm,1555
weighted+remat+spectral,fixture:fp-aarch64,objects,1
weighted+remat+spectral,fixture:fp-aarch64,correct,1
weighted+remat+spectral,fixture:fp-aarch64,run_median_s,0.000885
weighted+remat+spectral,fixture:fp-aarch64,run_min_s,0.000694
eregalloc-c0,fixture:fp-aarch64,compile_s,2.097
eregalloc-c0,fixture:fp-aarch64,obj_bytes,37696
eregalloc-c0,fixture:fp-aarch64,text_bytes,31247
eregalloc-c0,fixture:fp-aarch64,insns,7644
eregalloc-c0,fixture:fp-aarch64,ldr_sp,1639
eregalloc-c0,fixture:fp-aarch64,str_sp,1633
eregalloc-c0,fixture:fp-aarch64,ldp_sp,0
eregalloc-c0,fixture:fp-aarch64,stp_sp,0
eregalloc-c0,fixture:fp-aarch64,mov_imm,1133
eregalloc-c0,fixture:fp-aarch64,objects,1
eregalloc-c0,fixture:fp-aarch64,correct,1
eregalloc-c0,fixture:fp-aarch64,run_median_s,0.000831
eregalloc-c0,fixture:fp-aarch64,run_min_s,0.000684
eregalloc-c0+spectral,fixture:fp-aarch64,compile_s,2.108
eregalloc-c0+spectral,fixture:fp-aarch64,obj_bytes,37696
eregalloc-c0+spectral,fixture:fp-aarch64,text_bytes,31243
eregalloc-c0+spectral,fixture:fp-aarch64,insns,7643
eregalloc-c0+spectral,fixture:fp-aarch64,ldr_sp,1638
eregalloc-c0+spectral,fixture:fp-aarch64,str_sp,1632
eregalloc-c0+spectral,fixture:fp-aarch64,ldp_sp,0
eregalloc-c0+spectral,fixture:fp-aarch64,stp_sp,0
eregalloc-c0+spectral,fixture:fp-aarch64,mov_imm,1134
eregalloc-c0+spectral,fixture:fp-aarch64,objects,1
eregalloc-c0+spectral,fixture:fp-aarch64,correct,1
eregalloc-c0+spectral,fixture:fp-aarch64,run_median_s,0.000892
eregalloc-c0+spectral,fixture:fp-aarch64,run_min_s,0.000617
eregalloc-c2,fixture:fp-aarch64,compile_s,2.597
eregalloc-c2,fixture:fp-aarch64,obj_bytes,37696
eregalloc-c2,fixture:fp-aarch64,text_bytes,31247
eregalloc-c2,fixture:fp-aarch64,insns,7644
eregalloc-c2,fixture:fp-aarch64,ldr_sp,1639
eregalloc-c2,fixture:fp-aarch64,str_sp,1633
eregalloc-c2,fixture:fp-aarch64,ldp_sp,0
eregalloc-c2,fixture:fp-aarch64,stp_sp,0
eregalloc-c2,fixture:fp-aarch64,mov_imm,1133
eregalloc-c2,fixture:fp-aarch64,objects,1
eregalloc-c2,fixture:fp-aarch64,correct,1
eregalloc-c2,fixture:fp-aarch64,run_median_s,0.001012
eregalloc-c2,fixture:fp-aarch64,run_min_s,0.000724
eregalloc-c2+spectral,fixture:fp-aarch64,compile_s,2.619
eregalloc-c2+spectral,fixture:fp-aarch64,obj_bytes,37696
eregalloc-c2+spectral,fixture:fp-aarch64,text_bytes,31243
eregalloc-c2+spectral,fixture:fp-aarch64,insns,7643
eregalloc-c2+spectral,fixture:fp-aarch64,ldr_sp,1638
eregalloc-c2+spectral,fixture:fp-aarch64,str_sp,1632
eregalloc-c2+spectral,fixture:fp-aarch64,ldp_sp,0
eregalloc-c2+spectral,fixture:fp-aarch64,stp_sp,0
eregalloc-c2+spectral,fixture:fp-aarch64,mov_imm,1134
eregalloc-c2+spectral,fixture:fp-aarch64,objects,1
eregalloc-c2+spectral,fixture:fp-aarch64,correct,1
eregalloc-c2+spectral,fixture:fp-aarch64,run_median_s,0.001013
eregalloc-c2+spectral,fixture:fp-aarch64,run_min_s,0.000711
baseline,fixture:int128-aarch64,compile_s,5.803
baseline,fixture:int128-aarch64,obj_bytes,103648
baseline,fixture:int128-aarch64,text_bytes,89437
baseline,fixture:int128-aarch64,insns,21824
baseline,fixture:int128-aarch64,ldr_sp,4438
baseline,fixture:int128-aarch64,str_sp,4422
baseline,fixture:int128-aarch64,ldp_sp,0
baseline,fixture:int128-aarch64,stp_sp,0
baseline,fixture:int128-aarch64,mov_imm,4073
baseline,fixture:int128-aarch64,objects,1
baseline,fixture:int128-aarch64,correct,1
baseline,fixture:int128-aarch64,run_median_s,0.000889
baseline,fixture:int128-aarch64,run_min_s,0.000699
weighted,fixture:int128-aarch64,compile_s,5.833
weighted,fixture:int128-aarch64,obj_bytes,107096
weighted,fixture:int128-aarch64,text_bytes,92885
weighted,fixture:int128-aarch64,insns,22686
weighted,fixture:int128-aarch64,ldr_sp,4720
weighted,fixture:int128-aarch64,str_sp,5002
weighted,fixture:int128-aarch64,ldp_sp,0
weighted,fixture:int128-aarch64,stp_sp,0
weighted,fixture:int128-aarch64,mov_imm,4073
weighted,fixture:int128-aarch64,objects,1
weighted,fixture:int128-aarch64,correct,1
weighted,fixture:int128-aarch64,run_median_s,0.000942
weighted,fixture:int128-aarch64,run_min_s,0.000592
weighted+remat,fixture:int128-aarch64,compile_s,5.841
weighted+remat,fixture:int128-aarch64,obj_bytes,110144
weighted+remat,fixture:int128-aarch64,text_bytes,95933
weighted+remat,fixture:int128-aarch64,insns,23448
weighted+remat,fixture:int128-aarch64,ldr_sp,4375
weighted+remat,fixture:int128-aarch64,str_sp,5367
weighted+remat,fixture:int128-aarch64,ldp_sp,0
weighted+remat,fixture:int128-aarch64,stp_sp,0
weighted+remat,fixture:int128-aarch64,mov_imm,4815
weighted+remat,fixture:int128-aarch64,objects,1
weighted+remat,fixture:int128-aarch64,correct,1
weighted+remat,fixture:int128-aarch64,run_median_s,0.000916
weighted+remat,fixture:int128-aarch64,run_min_s,0.000603
weighted+remat+spectral,fixture:int128-aarch64,compile_s,5.847
weighted+remat+spectral,fixture:int128-aarch64,obj_bytes,110256
weighted+remat+spectral,fixture:int128-aarch64,text_bytes,96045
weighted+remat+spectral,fixture:int128-aarch64,insns,23476
weighted+remat+spectral,fixture:int128-aarch64,ldr_sp,4399
weighted+remat+spectral,fixture:int128-aarch64,str_sp,5370
weighted+remat+spectral,fixture:int128-aarch64,ldp_sp,0
weighted+remat+spectral,fixture:int128-aarch64,stp_sp,0
weighted+remat+spectral,fixture:int128-aarch64,mov_imm,4816
weighted+remat+spectral,fixture:int128-aarch64,objects,1
weighted+remat+spectral,fixture:int128-aarch64,correct,1
weighted+remat+spectral,fixture:int128-aarch64,run_median_s,0.001007
weighted+remat+spectral,fixture:int128-aarch64,run_min_s,0.000695
eregalloc-c0,fixture:int128-aarch64,compile_s,6.326
eregalloc-c0,fixture:int128-aarch64,obj_bytes,104184
eregalloc-c0,fixture:int128-aarch64,text_bytes,89969
eregalloc-c0,fixture:int128-aarch64,insns,21957
eregalloc-c0,fixture:int128-aarch64,ldr_sp,4284
eregalloc-c0,fixture:int128-aarch64,str_sp,4546
eregalloc-c0,fixture:int128-aarch64,ldp_sp,0
eregalloc-c0,fixture:int128-aarch64,stp_sp,0
eregalloc-c0,fixture:int128-aarch64,mov_imm,4231
eregalloc-c0,fixture:int128-aarch64,objects,1
eregalloc-c0,fixture:int128-aarch64,correct,1
eregalloc-c0,fixture:int128-aarch64,run_median_s,0.00102
eregalloc-c0,fixture:int128-aarch64,run_min_s,0.000683
eregalloc-c0+spectral,fixture:int128-aarch64,compile_s,6.313
eregalloc-c0+spectral,fixture:int128-aarch64,obj_bytes,104168
eregalloc-c0+spectral,fixture:int128-aarch64,text_bytes,89953
eregalloc-c0+spectral,fixture:int128-aarch64,insns,21953
eregalloc-c0+spectral,fixture:int128-aarch64,ldr_sp,4282
eregalloc-c0+spectral,fixture:int128-aarch64,str_sp,4543
eregalloc-c0+spectral,fixture:int128-aarch64,ldp_sp,0
eregalloc-c0+spectral,fixture:int128-aarch64,stp_sp,0
eregalloc-c0+spectral,fixture:int128-aarch64,mov_imm,4232
eregalloc-c0+spectral,fixture:int128-aarch64,objects,1
eregalloc-c0+spectral,fixture:int128-aarch64,correct,1
eregalloc-c0+spectral,fixture:int128-aarch64,run_median_s,0.000875
eregalloc-c0+spectral,fixture:int128-aarch64,run_min_s,0.000561
eregalloc-c2,fixture:int128-aarch64,compile_s,9.948
eregalloc-c2,fixture:int128-aarch64,obj_bytes,104152
eregalloc-c2,fixture:int128-aarch64,text_bytes,89937
eregalloc-c2,fixture:int128-aarch64,insns,21949
eregalloc-c2,fixture:int128-aarch64,ldr_sp,4258
eregalloc-c2,fixture:int128-aarch64,str_sp,4537
eregalloc-c2,fixture:int128-aarch64,ldp_sp,0
eregalloc-c2,fixture:int128-aarch64,stp_sp,0
eregalloc-c2,fixture:int128-aarch64,mov_imm,4263
eregalloc-c2,fixture:int128-aarch64,objects,1
eregalloc-c2,fixture:int128-aarch64,correct,1
eregalloc-c2,fixture:int128-aarch64,run_median_s,0.000926
eregalloc-c2,fixture:int128-aarch64,run_min_s,0.000639
eregalloc-c2+spectral,fixture:int128-aarch64,compile_s,9.946
eregalloc-c2+spectral,fixture:int128-aarch64,obj_bytes,104136
eregalloc-c2+spectral,fixture:int128-aarch64,text_bytes,89921
eregalloc-c2+spectral,fixture:int128-aarch64,insns,21945
eregalloc-c2+spectral,fixture:int128-aarch64,ldr_sp,4256
eregalloc-c2+spectral,fixture:int128-aarch64,str_sp,4534
eregalloc-c2+spectral,fixture:int128-aarch64,ldp_sp,0
eregalloc-c2+spectral,fixture:int128-aarch64,stp_sp,0
eregalloc-c2+spectral,fixture:int128-aarch64,mov_imm,4264
eregalloc-c2+spectral,fixture:int128-aarch64,objects,1
eregalloc-c2+spectral,fixture:int128-aarch64,correct,1
eregalloc-c2+spectral,fixture:int128-aarch64,run_median_s,0.000906
eregalloc-c2+spectral,fixture:int128-aarch64,run_min_s,0.000541
baseline,fixture:hashmap-aarch64,compile_s,8.322
baseline,fixture:hashmap-aarch64,obj_bytes,147512
baseline,fixture:hashmap-aarch64,text_bytes,132321
baseline,fixture:hashmap-aarch64,insns,32976
baseline,fixture:hashmap-aarch64,ldr_sp,6960
baseline,fixture:hashmap-aarch64,str_sp,6227
baseline,fixture:hashmap-aarch64,ldp_sp,0
baseline,fixture:hashmap-aarch64,stp_sp,0
baseline,fixture:hashmap-aarch64,mov_imm,6599
baseline,fixture:hashmap-aarch64,objects,1
baseline,fixture:hashmap-aarch64,correct,1
baseline,fixture:hashmap-aarch64,run_median_s,0.000939
baseline,fixture:hashmap-aarch64,run_min_s,0.000606
weighted,fixture:hashmap-aarch64,compile_s,8.394
weighted,fixture:hashmap-aarch64,obj_bytes,159376
weighted,fixture:hashmap-aarch64,text_bytes,144185
weighted,fixture:hashmap-aarch64,insns,35942
weighted,fixture:hashmap-aarch64,ldr_sp,8234
weighted,fixture:hashmap-aarch64,str_sp,7917
weighted,fixture:hashmap-aarch64,ldp_sp,0
weighted,fixture:hashmap-aarch64,stp_sp,0
weighted,fixture:hashmap-aarch64,mov_imm,6599
weighted,fixture:hashmap-aarch64,objects,1
weighted,fixture:hashmap-aarch64,correct,1
weighted,fixture:hashmap-aarch64,run_median_s,0.00113
weighted,fixture:hashmap-aarch64,run_min_s,0.000793
weighted+remat,fixture:hashmap-aarch64,compile_s,8.435
weighted+remat,fixture:hashmap-aarch64,obj_bytes,174152
weighted+remat,fixture:hashmap-aarch64,text_bytes,158965
weighted+remat,fixture:hashmap-aarch64,insns,39637
weighted+remat,fixture:hashmap-aarch64,ldr_sp,7239
weighted+remat,fixture:hashmap-aarch64,str_sp,9687
weighted+remat,fixture:hashmap-aarch64,ldp_sp,0
weighted+remat,fixture:hashmap-aarch64,stp_sp,0
weighted+remat,fixture:hashmap-aarch64,mov_imm,9517
weighted+remat,fixture:hashmap-aarch64,objects,1
weighted+remat,fixture:hashmap-aarch64,correct,1
weighted+remat,fixture:hashmap-aarch64,run_median_s,0.001082
weighted+remat,fixture:hashmap-aarch64,run_min_s,0.000791
weighted+remat+spectral,fixture:hashmap-aarch64,compile_s,8.469
weighted+remat+spectral,fixture:hashmap-aarch64,obj_bytes,173240
weighted+remat+spectral,fixture:hashmap-aarch64,text_bytes,158049
weighted+remat+spectral,fixture:hashmap-aarch64,insns,39408
weighted+remat+spectral,fixture:hashmap-aarch64,ldr_sp,7182
weighted+remat+spectral,fixture:hashmap-aarch64,str_sp,9554
weighted+remat+spectral,fixture:hashmap-aarch64,ldp_sp,0
weighted+remat+spectral,fixture:hashmap-aarch64,stp_sp,0
weighted+remat+spectral,fixture:hashmap-aarch64,mov_imm,9478
weighted+remat+spectral,fixture:hashmap-aarch64,objects,1
weighted+remat+spectral,fixture:hashmap-aarch64,correct,1
weighted+remat+spectral,fixture:hashmap-aarch64,run_median_s,0.001045
weighted+remat+spectral,fixture:hashmap-aarch64,run_min_s,0.000769
eregalloc-c0,fixture:hashmap-aarch64,compile_s,9.245
eregalloc-c0,fixture:hashmap-aarch64,obj_bytes,147632
eregalloc-c0,fixture:hashmap-aarch64,text_bytes,132441
eregalloc-c0,fixture:hashmap-aarch64,insns,33006
eregalloc-c0,fixture:hashmap-aarch64,ldr_sp,6640
eregalloc-c0,fixture:hashmap-aarch64,str_sp,6355
eregalloc-c0,fixture:hashmap-aarch64,ldp_sp,0
eregalloc-c0,fixture:hashmap-aarch64,stp_sp,0
eregalloc-c0,fixture:hashmap-aarch64,mov_imm,6817
eregalloc-c0,fixture:hashmap-aarch64,objects,1
eregalloc-c0,fixture:hashmap-aarch64,correct,1
eregalloc-c0,fixture:hashmap-aarch64,run_median_s,0.001036
eregalloc-c0,fixture:hashmap-aarch64,run_min_s,0.000738
eregalloc-c0+spectral,fixture:hashmap-aarch64,compile_s,9.258
eregalloc-c0+spectral,fixture:hashmap-aarch64,obj_bytes,147616
eregalloc-c0+spectral,fixture:hashmap-aarch64,text_bytes,132429
eregalloc-c0+spectral,fixture:hashmap-aarch64,insns,33003
eregalloc-c0+spectral,fixture:hashmap-aarch64,ldr_sp,6631
eregalloc-c0+spectral,fixture:hashmap-aarch64,str_sp,6349
eregalloc-c0+spectral,fixture:hashmap-aarch64,ldp_sp,0
eregalloc-c0+spectral,fixture:hashmap-aarch64,stp_sp,0
eregalloc-c0+spectral,fixture:hashmap-aarch64,mov_imm,6829
eregalloc-c0+spectral,fixture:hashmap-aarch64,objects,1
eregalloc-c0+spectral,fixture:hashmap-aarch64,correct,1
eregalloc-c0+spectral,fixture:hashmap-aarch64,run_median_s,0.001088
eregalloc-c0+spectral,fixture:hashmap-aarch64,run_min_s,0.000789
eregalloc-c2,fixture:hashmap-aarch64,compile_s,16.814
eregalloc-c2,fixture:hashmap-aarch64,obj_bytes,147536
eregalloc-c2,fixture:hashmap-aarch64,text_bytes,132345
eregalloc-c2,fixture:hashmap-aarch64,insns,32982
eregalloc-c2,fixture:hashmap-aarch64,ldr_sp,6633
eregalloc-c2,fixture:hashmap-aarch64,str_sp,6348
eregalloc-c2,fixture:hashmap-aarch64,ldp_sp,0
eregalloc-c2,fixture:hashmap-aarch64,stp_sp,0
eregalloc-c2,fixture:hashmap-aarch64,mov_imm,6811
eregalloc-c2,fixture:hashmap-aarch64,objects,1
eregalloc-c2,fixture:hashmap-aarch64,correct,1
eregalloc-c2,fixture:hashmap-aarch64,run_median_s,0.000874
eregalloc-c2,fixture:hashmap-aarch64,run_min_s,0.000695
eregalloc-c2+spectral,fixture:hashmap-aarch64,compile_s,16.846
eregalloc-c2+spectral,fixture:hashmap-aarch64,obj_bytes,147520
eregalloc-c2+spectral,fixture:hashmap-aarch64,text_bytes,132333
eregalloc-c2+spectral,fixture:hashmap-aarch64,insns,32979
eregalloc-c2+spectral,fixture:hashmap-aarch64,ldr_sp,6624
eregalloc-c2+spectral,fixture:hashmap-aarch64,str_sp,6342
eregalloc-c2+spectral,fixture:hashmap-aarch64,ldp_sp,0
eregalloc-c2+spectral,fixture:hashmap-aarch64,stp_sp,0
eregalloc-c2+spectral,fixture:hashmap-aarch64,mov_imm,6823
eregalloc-c2+spectral,fixture:hashmap-aarch64,objects,1
eregalloc-c2+spectral,fixture:hashmap-aarch64,correct,1
eregalloc-c2+spectral,fixture:hashmap-aarch64,run_median_s,0.001057
eregalloc-c2+spectral,fixture:hashmap-aarch64,run_min_s,0.000734
baseline,fixture:itoa-aarch64,compile_s,1.318
baseline,fixture:itoa-aarch64,obj_bytes,22872
baseline,fixture:itoa-aarch64,text_bytes,19071
baseline,fixture:itoa-aarch64,insns,4653
baseline,fixture:itoa-aarch64,ldr_sp,1018
baseline,fixture:itoa-aarch64,str_sp,700
baseline,fixture:itoa-aarch64,ldp_sp,0
baseline,fixture:itoa-aarch64,stp_sp,0
baseline,fixture:itoa-aarch64,mov_imm,700
baseline,fixture:itoa-aarch64,objects,1
baseline,fixture:itoa-aarch64,correct,1
baseline,fixture:itoa-aarch64,run_median_s,0.000862
baseline,fixture:itoa-aarch64,run_min_s,0.000581
weighted,fixture:itoa-aarch64,compile_s,1.316
weighted,fixture:itoa-aarch64,obj_bytes,23080
weighted,fixture:itoa-aarch64,text_bytes,19279
weighted,fixture:itoa-aarch64,insns,4705
weighted,fixture:itoa-aarch64,ldr_sp,1038
weighted,fixture:itoa-aarch64,str_sp,732
weighted,fixture:itoa-aarch64,ldp_sp,0
weighted,fixture:itoa-aarch64,stp_sp,0
weighted,fixture:itoa-aarch64,mov_imm,700
weighted,fixture:itoa-aarch64,objects,1
weighted,fixture:itoa-aarch64,correct,1
weighted,fixture:itoa-aarch64,run_median_s,0.000902
weighted,fixture:itoa-aarch64,run_min_s,0.000592
weighted+remat,fixture:itoa-aarch64,compile_s,1.314
weighted+remat,fixture:itoa-aarch64,obj_bytes,23144
weighted+remat,fixture:itoa-aarch64,text_bytes,19339
weighted+remat,fixture:itoa-aarch64,insns,4720
weighted+remat,fixture:itoa-aarch64,ldr_sp,922
weighted+remat,fixture:itoa-aarch64,str_sp,740
weighted+remat,fixture:itoa-aarch64,ldp_sp,0
weighted+remat,fixture:itoa-aarch64,stp_sp,0
weighted+remat,fixture:itoa-aarch64,mov_imm,823
weighted+remat,fixture:itoa-aarch64,objects,1
weighted+remat,fixture:itoa-aarch64,correct,1
weighted+remat,fixture:itoa-aarch64,run_median_s,0.000682
weighted+remat,fixture:itoa-aarch64,run_min_s,0.000553
weighted+remat+spectral,fixture:itoa-aarch64,compile_s,1.319
weighted+remat+spectral,fixture:itoa-aarch64,obj_bytes,23144
weighted+remat+spectral,fixture:itoa-aarch64,text_bytes,19339
weighted+remat+spectral,fixture:itoa-aarch64,insns,4720
weighted+remat+spectral,fixture:itoa-aarch64,ldr_sp,922
weighted+remat+spectral,fixture:itoa-aarch64,str_sp,740
weighted+remat+spectral,fixture:itoa-aarch64,ldp_sp,0
weighted+remat+spectral,fixture:itoa-aarch64,stp_sp,0
weighted+remat+spectral,fixture:itoa-aarch64,mov_imm,823
weighted+remat+spectral,fixture:itoa-aarch64,objects,1
weighted+remat+spectral,fixture:itoa-aarch64,correct,1
weighted+remat+spectral,fixture:itoa-aarch64,run_median_s,0.000899
weighted+remat+spectral,fixture:itoa-aarch64,run_min_s,0.000568
eregalloc-c0,fixture:itoa-aarch64,compile_s,1.346
eregalloc-c0,fixture:itoa-aarch64,obj_bytes,22888
eregalloc-c0,fixture:itoa-aarch64,text_bytes,19083
eregalloc-c0,fixture:itoa-aarch64,insns,4656
eregalloc-c0,fixture:itoa-aarch64,ldr_sp,927
eregalloc-c0,fixture:itoa-aarch64,str_sp,694
eregalloc-c0,fixture:itoa-aarch64,ldp_sp,0
eregalloc-c0,fixture:itoa-aarch64,stp_sp,0
eregalloc-c0,fixture:itoa-aarch64,mov_imm,792
eregalloc-c0,fixture:itoa-aarch64,objects,1
eregalloc-c0,fixture:itoa-aarch64,correct,1
eregalloc-c0,fixture:itoa-aarch64,run_median_s,0.000903
eregalloc-c0,fixture:itoa-aarch64,run_min_s,0.00056
eregalloc-c0+spectral,fixture:itoa-aarch64,compile_s,1.365
eregalloc-c0+spectral,fixture:itoa-aarch64,obj_bytes,22888
eregalloc-c0+spectral,fixture:itoa-aarch64,text_bytes,19083
eregalloc-c0+spectral,fixture:itoa-aarch64,insns,4656
eregalloc-c0+spectral,fixture:itoa-aarch64,ldr_sp,927
eregalloc-c0+spectral,fixture:itoa-aarch64,str_sp,694
eregalloc-c0+spectral,fixture:itoa-aarch64,ldp_sp,0
eregalloc-c0+spectral,fixture:itoa-aarch64,stp_sp,0
eregalloc-c0+spectral,fixture:itoa-aarch64,mov_imm,792
eregalloc-c0+spectral,fixture:itoa-aarch64,objects,1
eregalloc-c0+spectral,fixture:itoa-aarch64,correct,1
eregalloc-c0+spectral,fixture:itoa-aarch64,run_median_s,0.000663
eregalloc-c0+spectral,fixture:itoa-aarch64,run_min_s,0.000566
eregalloc-c2,fixture:itoa-aarch64,compile_s,1.769
eregalloc-c2,fixture:itoa-aarch64,obj_bytes,22824
eregalloc-c2,fixture:itoa-aarch64,text_bytes,19019
eregalloc-c2,fixture:itoa-aarch64,insns,4640
eregalloc-c2,fixture:itoa-aarch64,ldr_sp,927
eregalloc-c2,fixture:itoa-aarch64,str_sp,694
eregalloc-c2,fixture:itoa-aarch64,ldp_sp,0
eregalloc-c2,fixture:itoa-aarch64,stp_sp,0
eregalloc-c2,fixture:itoa-aarch64,mov_imm,784
eregalloc-c2,fixture:itoa-aarch64,objects,1
eregalloc-c2,fixture:itoa-aarch64,correct,1
eregalloc-c2,fixture:itoa-aarch64,run_median_s,0.000866
eregalloc-c2,fixture:itoa-aarch64,run_min_s,0.000549
eregalloc-c2+spectral,fixture:itoa-aarch64,compile_s,1.794
eregalloc-c2+spectral,fixture:itoa-aarch64,obj_bytes,22824
eregalloc-c2+spectral,fixture:itoa-aarch64,text_bytes,19019
eregalloc-c2+spectral,fixture:itoa-aarch64,insns,4640
eregalloc-c2+spectral,fixture:itoa-aarch64,ldr_sp,927
eregalloc-c2+spectral,fixture:itoa-aarch64,str_sp,694
eregalloc-c2+spectral,fixture:itoa-aarch64,ldp_sp,0
eregalloc-c2+spectral,fixture:itoa-aarch64,stp_sp,0
eregalloc-c2+spectral,fixture:itoa-aarch64,mov_imm,784
eregalloc-c2+spectral,fixture:itoa-aarch64,objects,1
eregalloc-c2+spectral,fixture:itoa-aarch64,correct,1
eregalloc-c2+spectral,fixture:itoa-aarch64,run_median_s,0.000893
eregalloc-c2+spectral,fixture:itoa-aarch64,run_min_s,0.00055
baseline,fixture:oc-course,compile_s,0.169
baseline,fixture:oc-course,obj_bytes,1992
baseline,fixture:oc-course,text_bytes,559
baseline,fixture:oc-course,insns,137
baseline,fixture:oc-course,ldr_sp,25
baseline,fixture:oc-course,str_sp,22
baseline,fixture:oc-course,ldp_sp,0
baseline,fixture:oc-course,stp_sp,0
baseline,fixture:oc-course,mov_imm,14
baseline,fixture:oc-course,objects,1
baseline,fixture:oc-course,correct,1
baseline,fixture:oc-course,run_median_s,0.000702
baseline,fixture:oc-course,run_min_s,0.000573
weighted,fixture:oc-course,compile_s,0.151
weighted,fixture:oc-course,obj_bytes,2040
weighted,fixture:oc-course,text_bytes,603
weighted,fixture:oc-course,insns,148
weighted,fixture:oc-course,ldr_sp,30
weighted,fixture:oc-course,str_sp,28
weighted,fixture:oc-course,ldp_sp,0
weighted,fixture:oc-course,stp_sp,0
weighted,fixture:oc-course,mov_imm,14
weighted,fixture:oc-course,objects,1
weighted,fixture:oc-course,correct,1
weighted,fixture:oc-course,run_median_s,0.0009
weighted,fixture:oc-course,run_min_s,0.000564
weighted+remat,fixture:oc-course,compile_s,0.157
weighted+remat,fixture:oc-course,obj_bytes,2040
weighted+remat,fixture:oc-course,text_bytes,603
weighted+remat,fixture:oc-course,insns,148
weighted+remat,fixture:oc-course,ldr_sp,25
weighted+remat,fixture:oc-course,str_sp,28
weighted+remat,fixture:oc-course,ldp_sp,0
weighted+remat,fixture:oc-course,stp_sp,0
weighted+remat,fixture:oc-course,mov_imm,19
weighted+remat,fixture:oc-course,objects,1
weighted+remat,fixture:oc-course,correct,1
weighted+remat,fixture:oc-course,run_median_s,0.000885
weighted+remat,fixture:oc-course,run_min_s,0.000593
weighted+remat+spectral,fixture:oc-course,compile_s,0.166
weighted+remat+spectral,fixture:oc-course,obj_bytes,2040
weighted+remat+spectral,fixture:oc-course,text_bytes,607
weighted+remat+spectral,fixture:oc-course,insns,149
weighted+remat+spectral,fixture:oc-course,ldr_sp,26
weighted+remat+spectral,fixture:oc-course,str_sp,28
weighted+remat+spectral,fixture:oc-course,ldp_sp,0
weighted+remat+spectral,fixture:oc-course,stp_sp,0
weighted+remat+spectral,fixture:oc-course,mov_imm,19
weighted+remat+spectral,fixture:oc-course,objects,1
weighted+remat+spectral,fixture:oc-course,correct,1
weighted+remat+spectral,fixture:oc-course,run_median_s,0.000913
weighted+remat+spectral,fixture:oc-course,run_min_s,0.000604
eregalloc-c0,fixture:oc-course,compile_s,0.141
eregalloc-c0,fixture:oc-course,obj_bytes,2000
eregalloc-c0,fixture:oc-course,text_bytes,563
eregalloc-c0,fixture:oc-course,insns,138
eregalloc-c0,fixture:oc-course,ldr_sp,25
eregalloc-c0,fixture:oc-course,str_sp,23
eregalloc-c0,fixture:oc-course,ldp_sp,0
eregalloc-c0,fixture:oc-course,stp_sp,0
eregalloc-c0,fixture:oc-course,mov_imm,14
eregalloc-c0,fixture:oc-course,objects,1
eregalloc-c0,fixture:oc-course,correct,1
eregalloc-c0,fixture:oc-course,run_median_s,0.000888
eregalloc-c0,fixture:oc-course,run_min_s,0.000583
eregalloc-c0+spectral,fixture:oc-course,compile_s,0.168
eregalloc-c0+spectral,fixture:oc-course,obj_bytes,2000
eregalloc-c0+spectral,fixture:oc-course,text_bytes,563
eregalloc-c0+spectral,fixture:oc-course,insns,138
eregalloc-c0+spectral,fixture:oc-course,ldr_sp,25
eregalloc-c0+spectral,fixture:oc-course,str_sp,23
eregalloc-c0+spectral,fixture:oc-course,ldp_sp,0
eregalloc-c0+spectral,fixture:oc-course,stp_sp,0
eregalloc-c0+spectral,fixture:oc-course,mov_imm,14
eregalloc-c0+spectral,fixture:oc-course,objects,1
eregalloc-c0+spectral,fixture:oc-course,correct,1
eregalloc-c0+spectral,fixture:oc-course,run_median_s,0.000917
eregalloc-c0+spectral,fixture:oc-course,run_min_s,0.000597
eregalloc-c2,fixture:oc-course,compile_s,0.176
eregalloc-c2,fixture:oc-course,obj_bytes,2000
eregalloc-c2,fixture:oc-course,text_bytes,563
eregalloc-c2,fixture:oc-course,insns,138
eregalloc-c2,fixture:oc-course,ldr_sp,25
eregalloc-c2,fixture:oc-course,str_sp,23
eregalloc-c2,fixture:oc-course,ldp_sp,0
eregalloc-c2,fixture:oc-course,stp_sp,0
eregalloc-c2,fixture:oc-course,mov_imm,14
eregalloc-c2,fixture:oc-course,objects,1
eregalloc-c2,fixture:oc-course,correct,1
eregalloc-c2,fixture:oc-course,run_median_s,0.000913
eregalloc-c2,fixture:oc-course,run_min_s,0.000562
eregalloc-c2+spectral,fixture:oc-course,compile_s,0.17
eregalloc-c2+spectral,fixture:oc-course,obj_bytes,2000
eregalloc-c2+spectral,fixture:oc-course,text_bytes,563
eregalloc-c2+spectral,fixture:oc-course,insns,138
eregalloc-c2+spectral,fixture:oc-course,ldr_sp,25
eregalloc-c2+spectral,fixture:oc-course,str_sp,23
eregalloc-c2+spectral,fixture:oc-course,ldp_sp,0
eregalloc-c2+spectral,fixture:oc-course,stp_sp,0
eregalloc-c2+spectral,fixture:oc-course,mov_imm,14
eregalloc-c2+spectral,fixture:oc-course,objects,1
eregalloc-c2+spectral,fixture:oc-course,correct,1
eregalloc-c2+spectral,fixture:oc-course,run_median_s,0.000903
eregalloc-c2+spectral,fixture:oc-course,run_min_s,0.000596
baseline,fixture:stdin-aarch64,compile_s,8.256
baseline,fixture:stdin-aarch64,obj_bytes,52592
baseline,fixture:stdin-aarch64,text_bytes,45428
baseline,fixture:stdin-aarch64,insns,11192
baseline,fixture:stdin-aarch64,ldr_sp,1981
baseline,fixture:stdin-aarch64,str_sp,1785
baseline,fixture:stdin-aarch64,ldp_sp,0
baseline,fixture:stdin-aarch64,stp_sp,0
baseline,fixture:stdin-aarch64,mov_imm,2623
baseline,fixture:stdin-aarch64,objects,1
baseline,fixture:stdin-aarch64,correct,1
baseline,fixture:stdin-aarch64,run_median_s,0.000971
baseline,fixture:stdin-aarch64,run_min_s,0.000608
weighted,fixture:stdin-aarch64,compile_s,8.307
weighted,fixture:stdin-aarch64,obj_bytes,62984
weighted,fixture:stdin-aarch64,text_bytes,55820
weighted,fixture:stdin-aarch64,insns,13790
weighted,fixture:stdin-aarch64,ldr_sp,3207
weighted,fixture:stdin-aarch64,str_sp,3155
weighted,fixture:stdin-aarch64,ldp_sp,0
weighted,fixture:stdin-aarch64,stp_sp,0
weighted,fixture:stdin-aarch64,mov_imm,2623
weighted,fixture:stdin-aarch64,objects,1
weighted,fixture:stdin-aarch64,correct,1
weighted,fixture:stdin-aarch64,run_median_s,0.00095
weighted,fixture:stdin-aarch64,run_min_s,0.000618
weighted+remat,fixture:stdin-aarch64,compile_s,8.299
weighted+remat,fixture:stdin-aarch64,obj_bytes,65168
weighted+remat,fixture:stdin-aarch64,text_bytes,58004
weighted+remat,fixture:stdin-aarch64,insns,14336
weighted+remat,fixture:stdin-aarch64,ldr_sp,2806
weighted+remat,fixture:stdin-aarch64,str_sp,3394
weighted+remat,fixture:stdin-aarch64,ldp_sp,0
weighted+remat,fixture:stdin-aarch64,stp_sp,0
weighted+remat,fixture:stdin-aarch64,mov_imm,3329
weighted+remat,fixture:stdin-aarch64,objects,1
weighted+remat,fixture:stdin-aarch64,correct,1
weighted+remat,fixture:stdin-aarch64,run_median_s,0.000885
weighted+remat,fixture:stdin-aarch64,run_min_s,0.000611
weighted+remat+spectral,fixture:stdin-aarch64,compile_s,8.331
weighted+remat+spectral,fixture:stdin-aarch64,obj_bytes,66224
weighted+remat+spectral,fixture:stdin-aarch64,text_bytes,59064
weighted+remat+spectral,fixture:stdin-aarch64,insns,14601
weighted+remat+spectral,fixture:stdin-aarch64,ldr_sp,2959
weighted+remat+spectral,fixture:stdin-aarch64,str_sp,3501
weighted+remat+spectral,fixture:stdin-aarch64,ldp_sp,0
weighted+remat+spectral,fixture:stdin-aarch64,stp_sp,0
weighted+remat+spectral,fixture:stdin-aarch64,mov_imm,3334
weighted+remat+spectral,fixture:stdin-aarch64,objects,1
weighted+remat+spectral,fixture:stdin-aarch64,correct,1
weighted+remat+spectral,fixture:stdin-aarch64,run_median_s,0.000755
weighted+remat+spectral,fixture:stdin-aarch64,run_min_s,0.000579
eregalloc-c0,fixture:stdin-aarch64,compile_s,8.392
eregalloc-c0,fixture:stdin-aarch64,obj_bytes,53200
eregalloc-c0,fixture:stdin-aarch64,text_bytes,46040
eregalloc-c0,fixture:stdin-aarch64,insns,11345
eregalloc-c0,fixture:stdin-aarch64,ldr_sp,1967
eregalloc-c0,fixture:stdin-aarch64,str_sp,1866
eregalloc-c0,fixture:stdin-aarch64,ldp_sp,0
eregalloc-c0,fixture:stdin-aarch64,stp_sp,0
eregalloc-c0,fixture:stdin-aarch64,mov_imm,2704
eregalloc-c0,fixture:stdin-aarch64,objects,1
eregalloc-c0,fixture:stdin-aarch64,correct,1
eregalloc-c0,fixture:stdin-aarch64,run_median_s,0.000938
eregalloc-c0,fixture:stdin-aarch64,run_min_s,0.000647
eregalloc-c0+spectral,fixture:stdin-aarch64,compile_s,8.426
eregalloc-c0+spectral,fixture:stdin-aarch64,obj_bytes,52752
eregalloc-c0+spectral,fixture:stdin-aarch64,text_bytes,45588
eregalloc-c0+spectral,fixture:stdin-aarch64,insns,11232
eregalloc-c0+spectral,fixture:stdin-aarch64,ldr_sp,1964
eregalloc-c0+spectral,fixture:stdin-aarch64,str_sp,1807
eregalloc-c0+spectral,fixture:stdin-aarch64,ldp_sp,0
eregalloc-c0+spectral,fixture:stdin-aarch64,stp_sp,0
eregalloc-c0+spectral,fixture:stdin-aarch64,mov_imm,2654
eregalloc-c0+spectral,fixture:stdin-aarch64,objects,1
eregalloc-c0+spectral,fixture:stdin-aarch64,correct,1
eregalloc-c0+spectral,fixture:stdin-aarch64,run_median_s,0.000927
eregalloc-c0+spectral,fixture:stdin-aarch64,run_min_s,0.000606
eregalloc-c2,fixture:stdin-aarch64,compile_s,9.452
eregalloc-c2,fixture:stdin-aarch64,obj_bytes,53152
eregalloc-c2,fixture:stdin-aarch64,text_bytes,45992
eregalloc-c2,fixture:stdin-aarch64,insns,11333
eregalloc-c2,fixture:stdin-aarch64,ldr_sp,1966
eregalloc-c2,fixture:stdin-aarch64,str_sp,1865
eregalloc-c2,fixture:stdin-aarch64,ldp_sp,0
eregalloc-c2,fixture:stdin-aarch64,stp_sp,0
eregalloc-c2,fixture:stdin-aarch64,mov_imm,2699
eregalloc-c2,fixture:stdin-aarch64,objects,1
eregalloc-c2,fixture:stdin-aarch64,correct,1
eregalloc-c2,fixture:stdin-aarch64,run_median_s,0.000932
eregalloc-c2,fixture:stdin-aarch64,run_min_s,0.0007
eregalloc-c2+spectral,fixture:stdin-aarch64,compile_s,9.416
eregalloc-c2+spectral,fixture:stdin-aarch64,obj_bytes,52712
eregalloc-c2+spectral,fixture:stdin-aarch64,text_bytes,45548
eregalloc-c2+spectral,fixture:stdin-aarch64,insns,11222
eregalloc-c2+spectral,fixture:stdin-aarch64,ldr_sp,1963
eregalloc-c2+spectral,fixture:stdin-aarch64,str_sp,1806
eregalloc-c2+spectral,fixture:stdin-aarch64,ldp_sp,0
eregalloc-c2+spectral,fixture:stdin-aarch64,stp_sp,0
eregalloc-c2+spectral,fixture:stdin-aarch64,mov_imm,2650
eregalloc-c2+spectral,fixture:stdin-aarch64,objects,1
eregalloc-c2+spectral,fixture:stdin-aarch64,correct,1
eregalloc-c2+spectral,fixture:stdin-aarch64,run_median_s,0.000773
eregalloc-c2+spectral,fixture:stdin-aarch64,run_min_s,0.000667
baseline,fixture:sudoku-aarch64,compile_s,1.324
baseline,fixture:sudoku-aarch64,obj_bytes,14408
baseline,fixture:sudoku-aarch64,text_bytes,12472
baseline,fixture:sudoku-aarch64,insns,3094
baseline,fixture:sudoku-aarch64,ldr_sp,666
baseline,fixture:sudoku-aarch64,str_sp,677
baseline,fixture:sudoku-aarch64,ldp_sp,0
baseline,fixture:sudoku-aarch64,stp_sp,0
baseline,fixture:sudoku-aarch64,mov_imm,491
baseline,fixture:sudoku-aarch64,objects,1
baseline,fixture:sudoku-aarch64,correct,1
baseline,fixture:sudoku-aarch64,run_median_s,0.001844
baseline,fixture:sudoku-aarch64,run_min_s,0.00163
weighted,fixture:sudoku-aarch64,compile_s,1.319
weighted,fixture:sudoku-aarch64,obj_bytes,16328
weighted,fixture:sudoku-aarch64,text_bytes,14388
weighted,fixture:sudoku-aarch64,insns,3573
weighted,fixture:sudoku-aarch64,ldr_sp,891
weighted,fixture:sudoku-aarch64,str_sp,931
weighted,fixture:sudoku-aarch64,ldp_sp,0
weighted,fixture:sudoku-aarch64,stp_sp,0
weighted,fixture:sudoku-aarch64,mov_imm,491
weighted,fixture:sudoku-aarch64,objects,1
weighted,fixture:sudoku-aarch64,correct,1
weighted,fixture:sudoku-aarch64,run_median_s,0.00344
weighted,fixture:sudoku-aarch64,run_min_s,0.003156
weighted+remat,fixture:sudoku-aarch64,compile_s,1.329
weighted+remat,fixture:sudoku-aarch64,obj_bytes,17168
weighted+remat,fixture:sudoku-aarch64,text_bytes,15228
weighted+remat,fixture:sudoku-aarch64,insns,3783
weighted+remat,fixture:sudoku-aarch64,ldr_sp,781
weighted+remat,fixture:sudoku-aarch64,str_sp,1036
weighted+remat,fixture:sudoku-aarch64,ldp_sp,0
weighted+remat,fixture:sudoku-aarch64,stp_sp,0
weighted+remat,fixture:sudoku-aarch64,mov_imm,706
weighted+remat,fixture:sudoku-aarch64,objects,1
weighted+remat,fixture:sudoku-aarch64,correct,1
weighted+remat,fixture:sudoku-aarch64,run_median_s,0.003361
weighted+remat,fixture:sudoku-aarch64,run_min_s,0.002986
weighted+remat+spectral,fixture:sudoku-aarch64,compile_s,1.332
weighted+remat+spectral,fixture:sudoku-aarch64,obj_bytes,16384
weighted+remat+spectral,fixture:sudoku-aarch64,text_bytes,14444
weighted+remat+spectral,fixture:sudoku-aarch64,insns,3587
weighted+remat+spectral,fixture:sudoku-aarch64,ldr_sp,705
weighted+remat+spectral,fixture:sudoku-aarch64,str_sp,932
weighted+remat+spectral,fixture:sudoku-aarch64,ldp_sp,0
weighted+remat+spectral,fixture:sudoku-aarch64,stp_sp,0
weighted+remat+spectral,fixture:sudoku-aarch64,mov_imm,690
weighted+remat+spectral,fixture:sudoku-aarch64,objects,1
weighted+remat+spectral,fixture:sudoku-aarch64,correct,1
weighted+remat+spectral,fixture:sudoku-aarch64,run_median_s,0.002772
weighted+remat+spectral,fixture:sudoku-aarch64,run_min_s,0.00267
eregalloc-c0,fixture:sudoku-aarch64,compile_s,1.371
eregalloc-c0,fixture:sudoku-aarch64,obj_bytes,14464
eregalloc-c0,fixture:sudoku-aarch64,text_bytes,12524
eregalloc-c0,fixture:sudoku-aarch64,insns,3107
eregalloc-c0,fixture:sudoku-aarch64,ldr_sp,649
eregalloc-c0,fixture:sudoku-aarch64,str_sp,685
eregalloc-c0,fixture:sudoku-aarch64,ldp_sp,0
eregalloc-c0,fixture:sudoku-aarch64,stp_sp,0
eregalloc-c0,fixture:sudoku-aarch64,mov_imm,510
eregalloc-c0,fixture:sudoku-aarch64,objects,1
eregalloc-c0,fixture:sudoku-aarch64,correct,1
eregalloc-c0,fixture:sudoku-aarch64,run_median_s,0.00191
eregalloc-c0,fixture:sudoku-aarch64,run_min_s,0.001555
eregalloc-c0+spectral,fixture:sudoku-aarch64,compile_s,1.372
eregalloc-c0+spectral,fixture:sudoku-aarch64,obj_bytes,14480
eregalloc-c0+spectral,fixture:sudoku-aarch64,text_bytes,12540
eregalloc-c0+spectral,fixture:sudoku-aarch64,insns,3111
eregalloc-c0+spectral,fixture:sudoku-aarch64,ldr_sp,648
eregalloc-c0+spectral,fixture:sudoku-aarch64,str_sp,687
eregalloc-c0+spectral,fixture:sudoku-aarch64,ldp_sp,0
eregalloc-c0+spectral,fixture:sudoku-aarch64,stp_sp,0
eregalloc-c0+spectral,fixture:sudoku-aarch64,mov_imm,512
eregalloc-c0+spectral,fixture:sudoku-aarch64,objects,1
eregalloc-c0+spectral,fixture:sudoku-aarch64,correct,1
eregalloc-c0+spectral,fixture:sudoku-aarch64,run_median_s,0.001861
eregalloc-c0+spectral,fixture:sudoku-aarch64,run_min_s,0.001563
eregalloc-c2,fixture:sudoku-aarch64,compile_s,1.638
eregalloc-c2,fixture:sudoku-aarch64,obj_bytes,14432
eregalloc-c2,fixture:sudoku-aarch64,text_bytes,12492
eregalloc-c2,fixture:sudoku-aarch64,insns,3099
eregalloc-c2,fixture:sudoku-aarch64,ldr_sp,648
eregalloc-c2,fixture:sudoku-aarch64,str_sp,684
eregalloc-c2,fixture:sudoku-aarch64,ldp_sp,0
eregalloc-c2,fixture:sudoku-aarch64,stp_sp,0
eregalloc-c2,fixture:sudoku-aarch64,mov_imm,507
eregalloc-c2,fixture:sudoku-aarch64,objects,1
eregalloc-c2,fixture:sudoku-aarch64,correct,1
eregalloc-c2,fixture:sudoku-aarch64,run_median_s,0.00197
eregalloc-c2,fixture:sudoku-aarch64,run_min_s,0.00168
eregalloc-c2+spectral,fixture:sudoku-aarch64,compile_s,1.632
eregalloc-c2+spectral,fixture:sudoku-aarch64,obj_bytes,14440
eregalloc-c2+spectral,fixture:sudoku-aarch64,text_bytes,12500
eregalloc-c2+spectral,fixture:sudoku-aarch64,insns,3101
eregalloc-c2+spectral,fixture:sudoku-aarch64,ldr_sp,647
eregalloc-c2+spectral,fixture:sudoku-aarch64,str_sp,686
eregalloc-c2+spectral,fixture:sudoku-aarch64,ldp_sp,0
eregalloc-c2+spectral,fixture:sudoku-aarch64,stp_sp,0
eregalloc-c2+spectral,fixture:sudoku-aarch64,mov_imm,508
eregalloc-c2+spectral,fixture:sudoku-aarch64,objects,1
eregalloc-c2+spectral,fixture:sudoku-aarch64,correct,1
eregalloc-c2+spectral,fixture:sudoku-aarch64,run_median_s,0.001728
eregalloc-c2+spectral,fixture:sudoku-aarch64,run_min_s,0.0016
baseline,fixture:sudoku-solver,compile_s,14.612
baseline,fixture:sudoku-solver,obj_bytes,108592
baseline,fixture:sudoku-solver,text_bytes,100724
baseline,fixture:sudoku-solver,insns,24792
baseline,fixture:sudoku-solver,ldr_sp,5614
baseline,fixture:sudoku-solver,str_sp,4956
baseline,fixture:sudoku-solver,ldp_sp,0
baseline,fixture:sudoku-solver,stp_sp,0
baseline,fixture:sudoku-solver,mov_imm,4404
baseline,fixture:sudoku-solver,objects,1
baseline,fixture:sudoku-solver,correct,1
baseline,fixture:sudoku-solver,run_median_s,0.00091
baseline,fixture:sudoku-solver,run_min_s,0.00073
weighted,fixture:sudoku-solver,compile_s,14.699
weighted,fixture:sudoku-solver,obj_bytes,119440
weighted,fixture:sudoku-solver,text_bytes,111576
weighted,fixture:sudoku-solver,insns,27505
weighted,fixture:sudoku-solver,ldr_sp,6766
weighted,fixture:sudoku-solver,str_sp,6513
weighted,fixture:sudoku-solver,ldp_sp,0
weighted,fixture:sudoku-solver,stp_sp,0
weighted,fixture:sudoku-solver,mov_imm,4404
weighted,fixture:sudoku-solver,objects,1
weighted,fixture:sudoku-solver,correct,1
weighted,fixture:sudoku-solver,run_median_s,0.00093
weighted,fixture:sudoku-solver,run_min_s,0.000736
weighted+remat,fixture:sudoku-solver,compile_s,14.74
weighted+remat,fixture:sudoku-solver,obj_bytes,126200
weighted+remat,fixture:sudoku-solver,text_bytes,118336
weighted+remat,fixture:sudoku-solver,insns,29195
weighted+remat,fixture:sudoku-solver,ldr_sp,6173
weighted+remat,fixture:sudoku-solver,str_sp,7321
weighted+remat,fixture:sudoku-solver,ldp_sp,0
weighted+remat,fixture:sudoku-solver,stp_sp,0
weighted+remat,fixture:sudoku-solver,mov_imm,5877
weighted+remat,fixture:sudoku-solver,objects,1
weighted+remat,fixture:sudoku-solver,correct,1
weighted+remat,fixture:sudoku-solver,run_median_s,0.001028
weighted+remat,fixture:sudoku-solver,run_min_s,0.000734
weighted+remat+spectral,fixture:sudoku-solver,compile_s,14.791
weighted+remat+spectral,fixture:sudoku-solver,obj_bytes,124472
weighted+remat+spectral,fixture:sudoku-solver,text_bytes,116608
weighted+remat+spectral,fixture:sudoku-solver,insns,28763
weighted+remat+spectral,fixture:sudoku-solver,ldr_sp,6018
weighted+remat+spectral,fixture:sudoku-solver,str_sp,7079
weighted+remat+spectral,fixture:sudoku-solver,ldp_sp,0
weighted+remat+spectral,fixture:sudoku-solver,stp_sp,0
weighted+remat+spectral,fixture:sudoku-solver,mov_imm,5842
weighted+remat+spectral,fixture:sudoku-solver,objects,1
weighted+remat+spectral,fixture:sudoku-solver,correct,1
weighted+remat+spectral,fixture:sudoku-solver,run_median_s,0.001051
weighted+remat+spectral,fixture:sudoku-solver,run_min_s,0.000759
eregalloc-c0,fixture:sudoku-solver,compile_s,15.393
eregalloc-c0,fixture:sudoku-solver,obj_bytes,108416
eregalloc-c0,fixture:sudoku-solver,text_bytes,100548
eregalloc-c0,fixture:sudoku-solver,insns,24748
eregalloc-c0,fixture:sudoku-solver,ldr_sp,5295
eregalloc-c0,fixture:sudoku-solver,str_sp,5057
eregalloc-c0,fixture:sudoku-solver,ldp_sp,0
eregalloc-c0,fixture:sudoku-solver,stp_sp,0
eregalloc-c0,fixture:sudoku-solver,mov_imm,4561
eregalloc-c0,fixture:sudoku-solver,objects,1
eregalloc-c0,fixture:sudoku-solver,correct,1
eregalloc-c0,fixture:sudoku-solver,run_median_s,0.000781
eregalloc-c0,fixture:sudoku-solver,run_min_s,0.00065
eregalloc-c0+spectral,fixture:sudoku-solver,compile_s,15.381
eregalloc-c0+spectral,fixture:sudoku-solver,obj_bytes,107904
eregalloc-c0+spectral,fixture:sudoku-solver,text_bytes,100040
eregalloc-c0+spectral,fixture:sudoku-solver,insns,24621
eregalloc-c0+spectral,fixture:sudoku-solver,ldr_sp,5282
eregalloc-c0+spectral,fixture:sudoku-solver,str_sp,4992
eregalloc-c0+spectral,fixture:sudoku-solver,ldp_sp,0
eregalloc-c0+spectral,fixture:sudoku-solver,stp_sp,0
eregalloc-c0+spectral,fixture:sudoku-solver,mov_imm,4513
eregalloc-c0+spectral,fixture:sudoku-solver,objects,1
eregalloc-c0+spectral,fixture:sudoku-solver,correct,1
eregalloc-c0+spectral,fixture:sudoku-solver,run_median_s,0.000782
eregalloc-c0+spectral,fixture:sudoku-solver,run_min_s,0.000615
eregalloc-c2,fixture:sudoku-solver,compile_s,18.479
eregalloc-c2,fixture:sudoku-solver,obj_bytes,108208
eregalloc-c2,fixture:sudoku-solver,text_bytes,100340
eregalloc-c2,fixture:sudoku-solver,insns,24696
eregalloc-c2,fixture:sudoku-solver,ldr_sp,5287
eregalloc-c2,fixture:sudoku-solver,str_sp,5048
eregalloc-c2,fixture:sudoku-solver,ldp_sp,0
eregalloc-c2,fixture:sudoku-solver,stp_sp,0
eregalloc-c2,fixture:sudoku-solver,mov_imm,4543
eregalloc-c2,fixture:sudoku-solver,objects,1
eregalloc-c2,fixture:sudoku-solver,correct,1
eregalloc-c2,fixture:sudoku-solver,run_median_s,0.000735
eregalloc-c2,fixture:sudoku-solver,run_min_s,0.000698
eregalloc-c2+spectral,fixture:sudoku-solver,compile_s,18.535
eregalloc-c2+spectral,fixture:sudoku-solver,obj_bytes,107704
eregalloc-c2+spectral,fixture:sudoku-solver,text_bytes,99840
eregalloc-c2+spectral,fixture:sudoku-solver,insns,24571
eregalloc-c2+spectral,fixture:sudoku-solver,ldr_sp,5274
eregalloc-c2+spectral,fixture:sudoku-solver,str_sp,4983
eregalloc-c2+spectral,fixture:sudoku-solver,ldp_sp,0
eregalloc-c2+spectral,fixture:sudoku-solver,stp_sp,0
eregalloc-c2+spectral,fixture:sudoku-solver,mov_imm,4496
eregalloc-c2+spectral,fixture:sudoku-solver,objects,1
eregalloc-c2+spectral,fixture:sudoku-solver,correct,1
eregalloc-c2+spectral,fixture:sudoku-solver,run_median_s,0.000797
eregalloc-c2+spectral,fixture:sudoku-solver,run_min_s,0.000761
baseline,corpus:div_recurrence,compile_s,5.651
baseline,corpus:div_recurrence,obj_bytes,22776
baseline,corpus:div_recurrence,text_bytes,19147
baseline,corpus:div_recurrence,insns,4669
baseline,corpus:div_recurrence,ldr_sp,929
baseline,corpus:div_recurrence,str_sp,852
baseline,corpus:div_recurrence,ldp_sp,0
baseline,corpus:div_recurrence,stp_sp,0
baseline,corpus:div_recurrence,mov_imm,786
baseline,corpus:div_recurrence,objects,1
baseline,corpus:div_recurrence,kfn_insns,132
baseline,corpus:div_recurrence,kfn_ldr_sp,25
baseline,corpus:div_recurrence,kfn_str_sp,20
baseline,corpus:div_recurrence,kfn_ldp_sp,0
baseline,corpus:div_recurrence,kfn_stp_sp,0
baseline,corpus:div_recurrence,kfn_mov_imm,35
baseline,corpus:div_recurrence,kfn_symbols,1
baseline,corpus:div_recurrence,correct,1
baseline,corpus:div_recurrence,run_median_s,0.656767
baseline,corpus:div_recurrence,run_min_s,0.647906
weighted,corpus:div_recurrence,compile_s,5.631
weighted,corpus:div_recurrence,obj_bytes,23480
weighted,corpus:div_recurrence,text_bytes,19851
weighted,corpus:div_recurrence,insns,4845
weighted,corpus:div_recurrence,ldr_sp,985
weighted,corpus:div_recurrence,str_sp,972
weighted,corpus:div_recurrence,ldp_sp,0
weighted,corpus:div_recurrence,stp_sp,0
weighted,corpus:div_recurrence,mov_imm,786
weighted,corpus:div_recurrence,objects,1
weighted,corpus:div_recurrence,kfn_insns,239
weighted,corpus:div_recurrence,kfn_ldr_sp,75
weighted,corpus:div_recurrence,kfn_str_sp,77
weighted,corpus:div_recurrence,kfn_ldp_sp,0
weighted,corpus:div_recurrence,kfn_stp_sp,0
weighted,corpus:div_recurrence,kfn_mov_imm,35
weighted,corpus:div_recurrence,kfn_symbols,1
weighted,corpus:div_recurrence,correct,1
weighted,corpus:div_recurrence,run_median_s,2.122645
weighted,corpus:div_recurrence,run_min_s,2.112839
weighted+remat,corpus:div_recurrence,compile_s,5.707
weighted+remat,corpus:div_recurrence,obj_bytes,24360
weighted+remat,corpus:div_recurrence,text_bytes,20735
weighted+remat,corpus:div_recurrence,insns,5066
weighted+remat,corpus:div_recurrence,ldr_sp,939
weighted+remat,corpus:div_recurrence,str_sp,1060
weighted+remat,corpus:div_recurrence,ldp_sp,0
weighted+remat,corpus:div_recurrence,stp_sp,0
weighted+remat,corpus:div_recurrence,mov_imm,965
weighted+remat,corpus:div_recurrence,objects,1
weighted+remat,corpus:div_recurrence,kfn_insns,239
weighted+remat,corpus:div_recurrence,kfn_ldr_sp,67
weighted+remat,corpus:div_recurrence,kfn_str_sp,77
weighted+remat,corpus:div_recurrence,kfn_ldp_sp,0
weighted+remat,corpus:div_recurrence,kfn_stp_sp,0
weighted+remat,corpus:div_recurrence,kfn_mov_imm,43
weighted+remat,corpus:div_recurrence,kfn_symbols,1
weighted+remat,corpus:div_recurrence,correct,1
weighted+remat,corpus:div_recurrence,run_median_s,2.086511
weighted+remat,corpus:div_recurrence,run_min_s,2.078188
weighted+remat+spectral,corpus:div_recurrence,compile_s,5.72
weighted+remat+spectral,corpus:div_recurrence,obj_bytes,24384
weighted+remat+spectral,corpus:div_recurrence,text_bytes,20755
weighted+remat+spectral,corpus:div_recurrence,insns,5071
weighted+remat+spectral,corpus:div_recurrence,ldr_sp,943
weighted+remat+spectral,corpus:div_recurrence,str_sp,1058
weighted+remat+spectral,corpus:div_recurrence,ldp_sp,0
weighted+remat+spectral,corpus:div_recurrence,stp_sp,0
weighted+remat+spectral,corpus:div_recurrence,mov_imm,968
weighted+remat+spectral,corpus:div_recurrence,objects,1
weighted+remat+spectral,corpus:div_recurrence,kfn_insns,211
weighted+remat+spectral,corpus:div_recurrence,kfn_ldr_sp,54
weighted+remat+spectral,corpus:div_recurrence,kfn_str_sp,63
weighted+remat+spectral,corpus:div_recurrence,kfn_ldp_sp,0
weighted+remat+spectral,corpus:div_recurrence,kfn_stp_sp,0
weighted+remat+spectral,corpus:div_recurrence,kfn_mov_imm,42
weighted+remat+spectral,corpus:div_recurrence,kfn_symbols,1
weighted+remat+spectral,corpus:div_recurrence,correct,1
weighted+remat+spectral,corpus:div_recurrence,run_median_s,1.836765
weighted+remat+spectral,corpus:div_recurrence,run_min_s,1.827367
eregalloc-c0,corpus:div_recurrence,compile_s,5.731
eregalloc-c0,corpus:div_recurrence,obj_bytes,23136
eregalloc-c0,corpus:div_recurrence,text_bytes,19507
eregalloc-c0,corpus:div_recurrence,insns,4759
eregalloc-c0,corpus:div_recurrence,ldr_sp,899
eregalloc-c0,corpus:div_recurrence,str_sp,904
eregalloc-c0,corpus:div_recurrence,ldp_sp,0
eregalloc-c0,corpus:div_recurrence,stp_sp,0
eregalloc-c0,corpus:div_recurrence,mov_imm,850
eregalloc-c0,corpus:div_recurrence,objects,1
eregalloc-c0,corpus:div_recurrence,kfn_insns,133
eregalloc-c0,corpus:div_recurrence,kfn_ldr_sp,25
eregalloc-c0,corpus:div_recurrence,kfn_str_sp,21
eregalloc-c0,corpus:div_recurrence,kfn_ldp_sp,0
eregalloc-c0,corpus:div_recurrence,kfn_stp_sp,0
eregalloc-c0,corpus:div_recurrence,kfn_mov_imm,35
eregalloc-c0,corpus:div_recurrence,kfn_symbols,1
eregalloc-c0,corpus:div_recurrence,correct,1
eregalloc-c0,corpus:div_recurrence,run_median_s,0.656118
eregalloc-c0,corpus:div_recurrence,run_min_s,0.646451
eregalloc-c0+spectral,corpus:div_recurrence,compile_s,5.718
eregalloc-c0+spectral,corpus:div_recurrence,obj_bytes,22808
eregalloc-c0+spectral,corpus:div_recurrence,text_bytes,19183
eregalloc-c0+spectral,corpus:div_recurrence,insns,4678
eregalloc-c0+spectral,corpus:div_recurrence,ldr_sp,898
eregalloc-c0+spectral,corpus:div_recurrence,str_sp,864
eregalloc-c0+spectral,corpus:div_recurrence,ldp_sp,0
eregalloc-c0+spectral,corpus:div_recurrence,stp_sp,0
eregalloc-c0+spectral,corpus:div_recurrence,mov_imm,810
eregalloc-c0+spectral,corpus:div_recurrence,objects,1
eregalloc-c0+spectral,corpus:div_recurrence,kfn_insns,133
eregalloc-c0+spectral,corpus:div_recurrence,kfn_ldr_sp,25
eregalloc-c0+spectral,corpus:div_recurrence,kfn_str_sp,21
eregalloc-c0+spectral,corpus:div_recurrence,kfn_ldp_sp,0
eregalloc-c0+spectral,corpus:div_recurrence,kfn_stp_sp,0
eregalloc-c0+spectral,corpus:div_recurrence,kfn_mov_imm,35
eregalloc-c0+spectral,corpus:div_recurrence,kfn_symbols,1
eregalloc-c0+spectral,corpus:div_recurrence,correct,1
eregalloc-c0+spectral,corpus:div_recurrence,run_median_s,0.656566
eregalloc-c0+spectral,corpus:div_recurrence,run_min_s,0.643937
eregalloc-c2,corpus:div_recurrence,compile_s,6.045
eregalloc-c2,corpus:div_recurrence,obj_bytes,23080
eregalloc-c2,corpus:div_recurrence,text_bytes,19451
eregalloc-c2,corpus:div_recurrence,insns,4745
eregalloc-c2,corpus:div_recurrence,ldr_sp,896
eregalloc-c2,corpus:div_recurrence,str_sp,901
eregalloc-c2,corpus:div_recurrence,ldp_sp,0
eregalloc-c2,corpus:div_recurrence,stp_sp,0
eregalloc-c2,corpus:div_recurrence,mov_imm,846
eregalloc-c2,corpus:div_recurrence,objects,1
eregalloc-c2,corpus:div_recurrence,kfn_insns,135
eregalloc-c2,corpus:div_recurrence,kfn_ldr_sp,25
eregalloc-c2,corpus:div_recurrence,kfn_str_sp,22
eregalloc-c2,corpus:div_recurrence,kfn_ldp_sp,0
eregalloc-c2,corpus:div_recurrence,kfn_stp_sp,0
eregalloc-c2,corpus:div_recurrence,kfn_mov_imm,36
eregalloc-c2,corpus:div_recurrence,kfn_symbols,1
eregalloc-c2,corpus:div_recurrence,correct,1
eregalloc-c2,corpus:div_recurrence,run_median_s,0.656205
eregalloc-c2,corpus:div_recurrence,run_min_s,0.644424
eregalloc-c2+spectral,corpus:div_recurrence,compile_s,5.965
eregalloc-c2+spectral,corpus:div_recurrence,obj_bytes,22752
eregalloc-c2+spectral,corpus:div_recurrence,text_bytes,19127
eregalloc-c2+spectral,corpus:div_recurrence,insns,4664
eregalloc-c2+spectral,corpus:div_recurrence,ldr_sp,895
eregalloc-c2+spectral,corpus:div_recurrence,str_sp,861
eregalloc-c2+spectral,corpus:div_recurrence,ldp_sp,0
eregalloc-c2+spectral,corpus:div_recurrence,stp_sp,0
eregalloc-c2+spectral,corpus:div_recurrence,mov_imm,806
eregalloc-c2+spectral,corpus:div_recurrence,objects,1
eregalloc-c2+spectral,corpus:div_recurrence,kfn_insns,135
eregalloc-c2+spectral,corpus:div_recurrence,kfn_ldr_sp,25
eregalloc-c2+spectral,corpus:div_recurrence,kfn_str_sp,22
eregalloc-c2+spectral,corpus:div_recurrence,kfn_ldp_sp,0
eregalloc-c2+spectral,corpus:div_recurrence,kfn_stp_sp,0
eregalloc-c2+spectral,corpus:div_recurrence,kfn_mov_imm,36
eregalloc-c2+spectral,corpus:div_recurrence,kfn_symbols,1
eregalloc-c2+spectral,corpus:div_recurrence,correct,1
eregalloc-c2+spectral,corpus:div_recurrence,run_median_s,0.653874
eregalloc-c2+spectral,corpus:div_recurrence,run_min_s,0.646287
baseline,corpus:dot_product,compile_s,5.775
baseline,corpus:dot_product,obj_bytes,26952
baseline,corpus:dot_product,text_bytes,23312
baseline,corpus:dot_product,insns,5743
baseline,corpus:dot_product,ldr_sp,1056
baseline,corpus:dot_product,str_sp,1214
baseline,corpus:dot_product,ldp_sp,0
baseline,corpus:dot_product,stp_sp,0
baseline,corpus:dot_product,mov_imm,1135
baseline,corpus:dot_product,objects,1
baseline,corpus:dot_product,kfn_insns,211
baseline,corpus:dot_product,kfn_ldr_sp,44
baseline,corpus:dot_product,kfn_str_sp,27
baseline,corpus:dot_product,kfn_ldp_sp,0
baseline,corpus:dot_product,kfn_stp_sp,0
baseline,corpus:dot_product,kfn_mov_imm,49
baseline,corpus:dot_product,kfn_symbols,1
baseline,corpus:dot_product,correct,1
baseline,corpus:dot_product,run_median_s,3.421678
baseline,corpus:dot_product,run_min_s,3.412091
weighted,corpus:dot_product,compile_s,5.73
weighted,corpus:dot_product,obj_bytes,27968
weighted,corpus:dot_product,text_bytes,24328
weighted,corpus:dot_product,insns,5997
weighted,corpus:dot_product,ldr_sp,1150
weighted,corpus:dot_product,str_sp,1374
weighted,corpus:dot_product,ldp_sp,0
weighted,corpus:dot_product,stp_sp,0
weighted,corpus:dot_product,mov_imm,1135
weighted,corpus:dot_product,objects,1
weighted,corpus:dot_product,kfn_insns,367
weighted,corpus:dot_product,kfn_ldr_sp,115
weighted,corpus:dot_product,kfn_str_sp,112
weighted,corpus:dot_product,kfn_ldp_sp,0
weighted,corpus:dot_product,kfn_stp_sp,0
weighted,corpus:dot_product,kfn_mov_imm,49
weighted,corpus:dot_product,kfn_symbols,1
weighted,corpus:dot_product,correct,1
weighted,corpus:dot_product,run_median_s,12.233121
weighted,corpus:dot_product,run_min_s,12.218219
weighted+remat,corpus:dot_product,compile_s,5.8
weighted+remat,corpus:dot_product,obj_bytes,28880
weighted+remat,corpus:dot_product,text_bytes,25236
weighted+remat,corpus:dot_product,insns,6224
weighted+remat,corpus:dot_product,ldr_sp,1085
weighted+remat,corpus:dot_product,str_sp,1465
weighted+remat,corpus:dot_product,ldp_sp,0
weighted+remat,corpus:dot_product,stp_sp,0
weighted+remat,corpus:dot_product,mov_imm,1336
weighted+remat,corpus:dot_product,objects,1
weighted+remat,corpus:dot_product,kfn_insns,368
weighted+remat,corpus:dot_product,kfn_ldr_sp,93
weighted+remat,corpus:dot_product,kfn_str_sp,112
weighted+remat,corpus:dot_product,kfn_ldp_sp,0
weighted+remat,corpus:dot_product,kfn_stp_sp,0
weighted+remat,corpus:dot_product,kfn_mov_imm,72
weighted+remat,corpus:dot_product,kfn_symbols,1
weighted+remat,corpus:dot_product,correct,1
weighted+remat,corpus:dot_product,run_median_s,10.896611
weighted+remat,corpus:dot_product,run_min_s,10.884457
weighted+remat+spectral,corpus:dot_product,compile_s,5.798
weighted+remat+spectral,corpus:dot_product,obj_bytes,29072
weighted+remat+spectral,corpus:dot_product,text_bytes,25428
weighted+remat+spectral,corpus:dot_product,insns,6272
weighted+remat+spectral,corpus:dot_product,ldr_sp,1113
weighted+remat+spectral,corpus:dot_product,str_sp,1482
weighted+remat+spectral,corpus:dot_product,ldp_sp,0
weighted+remat+spectral,corpus:dot_product,stp_sp,0
weighted+remat+spectral,corpus:dot_product,mov_imm,1339
weighted+remat+spectral,corpus:dot_product,objects,1
weighted+remat+spectral,corpus:dot_product,kfn_insns,362
weighted+remat+spectral,corpus:dot_product,kfn_ldr_sp,91
weighted+remat+spectral,corpus:dot_product,kfn_str_sp,109
weighted+remat+spectral,corpus:dot_product,kfn_ldp_sp,0
weighted+remat+spectral,corpus:dot_product,kfn_stp_sp,0
weighted+remat+spectral,corpus:dot_product,kfn_mov_imm,71
weighted+remat+spectral,corpus:dot_product,kfn_symbols,1
weighted+remat+spectral,corpus:dot_product,correct,1
weighted+remat+spectral,corpus:dot_product,run_median_s,10.907673
weighted+remat+spectral,corpus:dot_product,run_min_s,10.896127
eregalloc-c0,corpus:dot_product,compile_s,5.829
eregalloc-c0,corpus:dot_product,obj_bytes,27336
eregalloc-c0,corpus:dot_product,text_bytes,23696
eregalloc-c0,corpus:dot_product,insns,5839
eregalloc-c0,corpus:dot_product,ldr_sp,1030
eregalloc-c0,corpus:dot_product,str_sp,1269
eregalloc-c0,corpus:dot_product,ldp_sp,0
eregalloc-c0,corpus:dot_product,stp_sp,0
eregalloc-c0,corpus:dot_product,mov_imm,1199
eregalloc-c0,corpus:dot_product,objects,1
eregalloc-c0,corpus:dot_product,kfn_insns,216
eregalloc-c0,corpus:dot_product,kfn_ldr_sp,46
eregalloc-c0,corpus:dot_product,kfn_str_sp,30
eregalloc-c0,corpus:dot_product,kfn_ldp_sp,0
eregalloc-c0,corpus:dot_product,kfn_stp_sp,0
eregalloc-c0,corpus:dot_product,kfn_mov_imm,49
eregalloc-c0,corpus:dot_product,kfn_symbols,1
eregalloc-c0,corpus:dot_product,correct,1
eregalloc-c0,corpus:dot_product,run_median_s,3.695825
eregalloc-c0,corpus:dot_product,run_min_s,3.677946
eregalloc-c0+spectral,corpus:dot_product,compile_s,5.818
eregalloc-c0+spectral,corpus:dot_product,obj_bytes,27016
eregalloc-c0+spectral,corpus:dot_product,text_bytes,23372
eregalloc-c0+spectral,corpus:dot_product,insns,5758
eregalloc-c0+spectral,corpus:dot_product,ldr_sp,1029
eregalloc-c0+spectral,corpus:dot_product,str_sp,1229
eregalloc-c0+spectral,corpus:dot_product,ldp_sp,0
eregalloc-c0+spectral,corpus:dot_product,stp_sp,0
eregalloc-c0+spectral,corpus:dot_product,mov_imm,1159
eregalloc-c0+spectral,corpus:dot_product,objects,1
eregalloc-c0+spectral,corpus:dot_product,kfn_insns,216
eregalloc-c0+spectral,corpus:dot_product,kfn_ldr_sp,46
eregalloc-c0+spectral,corpus:dot_product,kfn_str_sp,30
eregalloc-c0+spectral,corpus:dot_product,kfn_ldp_sp,0
eregalloc-c0+spectral,corpus:dot_product,kfn_stp_sp,0
eregalloc-c0+spectral,corpus:dot_product,kfn_mov_imm,49
eregalloc-c0+spectral,corpus:dot_product,kfn_symbols,1
eregalloc-c0+spectral,corpus:dot_product,correct,1
eregalloc-c0+spectral,corpus:dot_product,run_median_s,3.688861
eregalloc-c0+spectral,corpus:dot_product,run_min_s,3.664831
eregalloc-c2,corpus:dot_product,compile_s,6.09
eregalloc-c2,corpus:dot_product,obj_bytes,27280
eregalloc-c2,corpus:dot_product,text_bytes,23640
eregalloc-c2,corpus:dot_product,insns,5825
eregalloc-c2,corpus:dot_product,ldr_sp,1027
eregalloc-c2,corpus:dot_product,str_sp,1265
eregalloc-c2,corpus:dot_product,ldp_sp,0
eregalloc-c2,corpus:dot_product,stp_sp,0
eregalloc-c2,corpus:dot_product,mov_imm,1195
eregalloc-c2,corpus:dot_product,objects,1
eregalloc-c2,corpus:dot_product,kfn_insns,216
eregalloc-c2,corpus:dot_product,kfn_ldr_sp,46
eregalloc-c2,corpus:dot_product,kfn_str_sp,30
eregalloc-c2,corpus:dot_product,kfn_ldp_sp,0
eregalloc-c2,corpus:dot_product,kfn_stp_sp,0
eregalloc-c2,corpus:dot_product,kfn_mov_imm,49
eregalloc-c2,corpus:dot_product,kfn_symbols,1
eregalloc-c2,corpus:dot_product,correct,1
eregalloc-c2,corpus:dot_product,run_median_s,3.684993
eregalloc-c2,corpus:dot_product,run_min_s,3.680531
eregalloc-c2+spectral,corpus:dot_product,compile_s,6.148
eregalloc-c2+spectral,corpus:dot_product,obj_bytes,26960
eregalloc-c2+spectral,corpus:dot_product,text_bytes,23316
eregalloc-c2+spectral,corpus:dot_product,insns,5744
eregalloc-c2+spectral,corpus:dot_product,ldr_sp,1026
eregalloc-c2+spectral,corpus:dot_product,str_sp,1225
eregalloc-c2+spectral,corpus:dot_product,ldp_sp,0
eregalloc-c2+spectral,corpus:dot_product,stp_sp,0
eregalloc-c2+spectral,corpus:dot_product,mov_imm,1155
eregalloc-c2+spectral,corpus:dot_product,objects,1
eregalloc-c2+spectral,corpus:dot_product,kfn_insns,216
eregalloc-c2+spectral,corpus:dot_product,kfn_ldr_sp,46
eregalloc-c2+spectral,corpus:dot_product,kfn_str_sp,30
eregalloc-c2+spectral,corpus:dot_product,kfn_ldp_sp,0
eregalloc-c2+spectral,corpus:dot_product,kfn_stp_sp,0
eregalloc-c2+spectral,corpus:dot_product,kfn_mov_imm,49
eregalloc-c2+spectral,corpus:dot_product,kfn_symbols,1
eregalloc-c2+spectral,corpus:dot_product,correct,1
eregalloc-c2+spectral,corpus:dot_product,run_median_s,3.692541
eregalloc-c2+spectral,corpus:dot_product,run_min_s,3.659773
baseline,corpus:elementwise_chain,compile_s,5.638
baseline,corpus:elementwise_chain,obj_bytes,23472
baseline,corpus:elementwise_chain,text_bytes,19839
baseline,corpus:elementwise_chain,insns,4842
baseline,corpus:elementwise_chain,ldr_sp,934
baseline,corpus:elementwise_chain,str_sp,850
baseline,corpus:elementwise_chain,ldp_sp,0
baseline,corpus:elementwise_chain,stp_sp,0
baseline,corpus:elementwise_chain,mov_imm,897
baseline,corpus:elementwise_chain,objects,1
baseline,corpus:elementwise_chain,kfn_insns,312
baseline,corpus:elementwise_chain,kfn_ldr_sp,33
baseline,corpus:elementwise_chain,kfn_str_sp,21
baseline,corpus:elementwise_chain,kfn_ldp_sp,0
baseline,corpus:elementwise_chain,kfn_stp_sp,0
baseline,corpus:elementwise_chain,kfn_mov_imm,143
baseline,corpus:elementwise_chain,kfn_symbols,1
baseline,corpus:elementwise_chain,correct,1
baseline,corpus:elementwise_chain,run_median_s,5.312785
baseline,corpus:elementwise_chain,run_min_s,5.07029
weighted,corpus:elementwise_chain,compile_s,5.626
weighted,corpus:elementwise_chain,obj_bytes,24344
weighted,corpus:elementwise_chain,text_bytes,20707
weighted,corpus:elementwise_chain,insns,5059
weighted,corpus:elementwise_chain,ldr_sp,1009
weighted,corpus:elementwise_chain,str_sp,992
weighted,corpus:elementwise_chain,ldp_sp,0
weighted,corpus:elementwise_chain,stp_sp,0
weighted,corpus:elementwise_chain,mov_imm,897
weighted,corpus:elementwise_chain,objects,1
weighted,corpus:elementwise_chain,kfn_insns,460
weighted,corpus:elementwise_chain,kfn_ldr_sp,102
weighted,corpus:elementwise_chain,kfn_str_sp,100
weighted,corpus:elementwise_chain,kfn_ldp_sp,0
weighted,corpus:elementwise_chain,kfn_stp_sp,0
weighted,corpus:elementwise_chain,kfn_mov_imm,143
weighted,corpus:elementwise_chain,kfn_symbols,1
weighted,corpus:elementwise_chain,correct,1
weighted,corpus:elementwise_chain,run_median_s,16.651177
weighted,corpus:elementwise_chain,run_min_s,16.634645
weighted+remat,corpus:elementwise_chain,compile_s,6.126
weighted+remat,corpus:elementwise_chain,obj_bytes,25248
weighted+remat,corpus:elementwise_chain,text_bytes,21615
weighted+remat,corpus:elementwise_chain,insns,5286
weighted+remat,corpus:elementwise_chain,ldr_sp,961
weighted+remat,corpus:elementwise_chain,str_sp,1083
weighted+remat,corpus:elementwise_chain,ldp_sp,0
weighted+remat,corpus:elementwise_chain,stp_sp,0
weighted+remat,corpus:elementwise_chain,mov_imm,1081
weighted+remat,corpus:elementwise_chain,objects,1
weighted+remat,corpus:elementwise_chain,kfn_insns,466
weighted+remat,corpus:elementwise_chain,kfn_ldr_sp,92
weighted+remat,corpus:elementwise_chain,kfn_str_sp,103
weighted+remat,corpus:elementwise_chain,kfn_ldp_sp,0
weighted+remat,corpus:elementwise_chain,kfn_stp_sp,0
weighted+remat,corpus:elementwise_chain,kfn_mov_imm,156
weighted+remat,corpus:elementwise_chain,kfn_symbols,1
weighted+remat,corpus:elementwise_chain,correct,1
weighted+remat,corpus:elementwise_chain,run_median_s,20.107219
weighted+remat,corpus:elementwise_chain,run_min_s,16.454464
weighted+remat+spectral,corpus:elementwise_chain,compile_s,6.534
weighted+remat+spectral,corpus:elementwise_chain,obj_bytes,25424
weighted+remat+spectral,corpus:elementwise_chain,text_bytes,21787
weighted+remat+spectral,corpus:elementwise_chain,insns,5329
weighted+remat+spectral,corpus:elementwise_chain,ldr_sp,982
weighted+remat+spectral,corpus:elementwise_chain,str_sp,1101
weighted+remat+spectral,corpus:elementwise_chain,ldp_sp,0
weighted+remat+spectral,corpus:elementwise_chain,stp_sp,0
weighted+remat+spectral,corpus:elementwise_chain,mov_imm,1085
weighted+remat+spectral,corpus:elementwise_chain,objects,1
weighted+remat+spectral,corpus:elementwise_chain,kfn_insns,476
weighted+remat+spectral,corpus:elementwise_chain,kfn_ldr_sp,96
weighted+remat+spectral,corpus:elementwise_chain,kfn_str_sp,109
weighted+remat+spectral,corpus:elementwise_chain,kfn_ldp_sp,0
weighted+remat+spectral,corpus:elementwise_chain,kfn_stp_sp,0
weighted+remat+spectral,corpus:elementwise_chain,kfn_mov_imm,156
weighted+remat+spectral,corpus:elementwise_chain,kfn_symbols,1
weighted+remat+spectral,corpus:elementwise_chain,correct,1
weighted+remat+spectral,corpus:elementwise_chain,run_median_s,21.240787
weighted+remat+spectral,corpus:elementwise_chain,run_min_s,17.848506
eregalloc-c0,corpus:elementwise_chain,compile_s,6.568
eregalloc-c0,corpus:elementwise_chain,obj_bytes,23848
eregalloc-c0,corpus:elementwise_chain,text_bytes,20211
eregalloc-c0,corpus:elementwise_chain,insns,4935
eregalloc-c0,corpus:elementwise_chain,ldr_sp,904
eregalloc-c0,corpus:elementwise_chain,str_sp,903
eregalloc-c0,corpus:elementwise_chain,ldp_sp,0
eregalloc-c0,corpus:elementwise_chain,stp_sp,0
eregalloc-c0,corpus:elementwise_chain,mov_imm,963
eregalloc-c0,corpus:elementwise_chain,objects,1
eregalloc-c0,corpus:elementwise_chain,kfn_insns,316
eregalloc-c0,corpus:elementwise_chain,kfn_ldr_sp,33
eregalloc-c0,corpus:elementwise_chain,kfn_str_sp,23
eregalloc-c0,corpus:elementwise_chain,kfn_ldp_sp,0
eregalloc-c0,corpus:elementwise_chain,kfn_stp_sp,0
eregalloc-c0,corpus:elementwise_chain,kfn_mov_imm,145
eregalloc-c0,corpus:elementwise_chain,kfn_symbols,1
eregalloc-c0,corpus:elementwise_chain,correct,1
eregalloc-c0,corpus:elementwise_chain,run_median_s,7.10478
eregalloc-c0,corpus:elementwise_chain,run_min_s,6.67539
eregalloc-c0+spectral,corpus:elementwise_chain,compile_s,6.539
eregalloc-c0+spectral,corpus:elementwise_chain,obj_bytes,23520
eregalloc-c0+spectral,corpus:elementwise_chain,text_bytes,19887
eregalloc-c0+spectral,corpus:elementwise_chain,insns,4854
eregalloc-c0+spectral,corpus:elementwise_chain,ldr_sp,903
eregalloc-c0+spectral,corpus:elementwise_chain,str_sp,863
eregalloc-c0+spectral,corpus:elementwise_chain,ldp_sp,0
eregalloc-c0+spectral,corpus:elementwise_chain,stp_sp,0
eregalloc-c0+spectral,corpus:elementwise_chain,mov_imm,923
eregalloc-c0+spectral,corpus:elementwise_chain,objects,1
eregalloc-c0+spectral,corpus:elementwise_chain,kfn_insns,316
eregalloc-c0+spectral,corpus:elementwise_chain,kfn_ldr_sp,33
eregalloc-c0+spectral,corpus:elementwise_chain,kfn_str_sp,23
eregalloc-c0+spectral,corpus:elementwise_chain,kfn_ldp_sp,0
eregalloc-c0+spectral,corpus:elementwise_chain,kfn_stp_sp,0
eregalloc-c0+spectral,corpus:elementwise_chain,kfn_mov_imm,145
eregalloc-c0+spectral,corpus:elementwise_chain,kfn_symbols,1
eregalloc-c0+spectral,corpus:elementwise_chain,correct,1
eregalloc-c0+spectral,corpus:elementwise_chain,run_median_s,7.030643
eregalloc-c0+spectral,corpus:elementwise_chain,run_min_s,6.669256
eregalloc-c2,corpus:elementwise_chain,compile_s,6.983
eregalloc-c2,corpus:elementwise_chain,obj_bytes,23784
eregalloc-c2,corpus:elementwise_chain,text_bytes,20147
eregalloc-c2,corpus:elementwise_chain,insns,4919
eregalloc-c2,corpus:elementwise_chain,ldr_sp,901
eregalloc-c2,corpus:elementwise_chain,str_sp,899
eregalloc-c2,corpus:elementwise_chain,ldp_sp,0
eregalloc-c2,corpus:elementwise_chain,stp_sp,0
eregalloc-c2,corpus:elementwise_chain,mov_imm,958
eregalloc-c2,corpus:elementwise_chain,objects,1
eregalloc-c2,corpus:elementwise_chain,kfn_insns,316
eregalloc-c2,corpus:elementwise_chain,kfn_ldr_sp,33
eregalloc-c2,corpus:elementwise_chain,kfn_str_sp,23
eregalloc-c2,corpus:elementwise_chain,kfn_ldp_sp,0
eregalloc-c2,corpus:elementwise_chain,kfn_stp_sp,0
eregalloc-c2,corpus:elementwise_chain,kfn_mov_imm,145
eregalloc-c2,corpus:elementwise_chain,kfn_symbols,1
eregalloc-c2,corpus:elementwise_chain,correct,1
eregalloc-c2,corpus:elementwise_chain,run_median_s,7.019403
eregalloc-c2,corpus:elementwise_chain,run_min_s,6.855534
eregalloc-c2+spectral,corpus:elementwise_chain,compile_s,6.972
eregalloc-c2+spectral,corpus:elementwise_chain,obj_bytes,23456
eregalloc-c2+spectral,corpus:elementwise_chain,text_bytes,19823
eregalloc-c2+spectral,corpus:elementwise_chain,insns,4838
eregalloc-c2+spectral,corpus:elementwise_chain,ldr_sp,900
eregalloc-c2+spectral,corpus:elementwise_chain,str_sp,859
eregalloc-c2+spectral,corpus:elementwise_chain,ldp_sp,0
eregalloc-c2+spectral,corpus:elementwise_chain,stp_sp,0
eregalloc-c2+spectral,corpus:elementwise_chain,mov_imm,918
eregalloc-c2+spectral,corpus:elementwise_chain,objects,1
eregalloc-c2+spectral,corpus:elementwise_chain,kfn_insns,316
eregalloc-c2+spectral,corpus:elementwise_chain,kfn_ldr_sp,33
eregalloc-c2+spectral,corpus:elementwise_chain,kfn_str_sp,23
eregalloc-c2+spectral,corpus:elementwise_chain,kfn_ldp_sp,0
eregalloc-c2+spectral,corpus:elementwise_chain,kfn_stp_sp,0
eregalloc-c2+spectral,corpus:elementwise_chain,kfn_mov_imm,145
eregalloc-c2+spectral,corpus:elementwise_chain,kfn_symbols,1
eregalloc-c2+spectral,corpus:elementwise_chain,correct,1
eregalloc-c2+spectral,corpus:elementwise_chain,run_median_s,7.033919
eregalloc-c2+spectral,corpus:elementwise_chain,run_min_s,6.904793
baseline,corpus:gemm_control,compile_s,6.523
baseline,corpus:gemm_control,obj_bytes,23112
baseline,corpus:gemm_control,text_bytes,19495
baseline,corpus:gemm_control,insns,4756
baseline,corpus:gemm_control,ldr_sp,974
baseline,corpus:gemm_control,str_sp,877
baseline,corpus:gemm_control,ldp_sp,0
baseline,corpus:gemm_control,stp_sp,0
baseline,corpus:gemm_control,mov_imm,789
baseline,corpus:gemm_control,objects,1
baseline,corpus:gemm_control,kfn_insns,151
baseline,corpus:gemm_control,kfn_ldr_sp,36
baseline,corpus:gemm_control,kfn_str_sp,23
baseline,corpus:gemm_control,kfn_ldp_sp,0
baseline,corpus:gemm_control,kfn_stp_sp,0
baseline,corpus:gemm_control,kfn_mov_imm,32
baseline,corpus:gemm_control,kfn_symbols,1
baseline,corpus:gemm_control,correct,1
baseline,corpus:gemm_control,run_median_s,4.648336
baseline,corpus:gemm_control,run_min_s,4.599431
weighted,corpus:gemm_control,compile_s,6.457
weighted,corpus:gemm_control,obj_bytes,23800
weighted,corpus:gemm_control,text_bytes,20183
weighted,corpus:gemm_control,insns,4928
weighted,corpus:gemm_control,ldr_sp,1025
weighted,corpus:gemm_control,str_sp,998
weighted,corpus:gemm_control,ldp_sp,0
weighted,corpus:gemm_control,stp_sp,0
weighted,corpus:gemm_control,mov_imm,789
weighted,corpus:gemm_control,objects,1
weighted,corpus:gemm_control,kfn_insns,254
weighted,corpus:gemm_control,kfn_ldr_sp,81
weighted,corpus:gemm_control,kfn_str_sp,81
weighted,corpus:gemm_control,kfn_ldp_sp,0
weighted,corpus:gemm_control,kfn_stp_sp,0
weighted,corpus:gemm_control,kfn_mov_imm,32
weighted,corpus:gemm_control,kfn_symbols,1
weighted,corpus:gemm_control,correct,1
weighted,corpus:gemm_control,run_median_s,21.470427
weighted,corpus:gemm_control,run_min_s,20.979754
weighted+remat,corpus:gemm_control,compile_s,6.508
weighted+remat,corpus:gemm_control,obj_bytes,24688
weighted+remat,corpus:gemm_control,text_bytes,21067
weighted+remat,corpus:gemm_control,insns,5149
weighted+remat,corpus:gemm_control,ldr_sp,976
weighted+remat,corpus:gemm_control,str_sp,1086
weighted+remat,corpus:gemm_control,ldp_sp,0
weighted+remat,corpus:gemm_control,stp_sp,0
weighted+remat,corpus:gemm_control,mov_imm,971
weighted+remat,corpus:gemm_control,objects,1
weighted+remat,corpus:gemm_control,kfn_insns,254
weighted+remat,corpus:gemm_control,kfn_ldr_sp,72
weighted+remat,corpus:gemm_control,kfn_str_sp,81
weighted+remat,corpus:gemm_control,kfn_ldp_sp,0
weighted+remat,corpus:gemm_control,kfn_stp_sp,0
weighted+remat,corpus:gemm_control,kfn_mov_imm,41
weighted+remat,corpus:gemm_control,kfn_symbols,1
weighted+remat,corpus:gemm_control,correct,1
weighted+remat,corpus:gemm_control,run_median_s,20.867943
weighted+remat,corpus:gemm_control,run_min_s,20.281184
weighted+remat+spectral,corpus:gemm_control,compile_s,6.659
weighted+remat+spectral,corpus:gemm_control,obj_bytes,24816
weighted+remat+spectral,corpus:gemm_control,text_bytes,21199
weighted+remat+spectral,corpus:gemm_control,insns,5182
weighted+remat+spectral,corpus:gemm_control,ldr_sp,993
weighted+remat+spectral,corpus:gemm_control,str_sp,1098
weighted+remat+spectral,corpus:gemm_control,ldp_sp,0
weighted+remat+spectral,corpus:gemm_control,stp_sp,0
weighted+remat+spectral,corpus:gemm_control,mov_imm,975
weighted+remat+spectral,corpus:gemm_control,objects,1
weighted+remat+spectral,corpus:gemm_control,kfn_insns,254
weighted+remat+spectral,corpus:gemm_control,kfn_ldr_sp,72
weighted+remat+spectral,corpus:gemm_control,kfn_str_sp,81
weighted+remat+spectral,corpus:gemm_control,kfn_ldp_sp,0
weighted+remat+spectral,corpus:gemm_control,kfn_stp_sp,0
weighted+remat+spectral,corpus:gemm_control,kfn_mov_imm,41
weighted+remat+spectral,corpus:gemm_control,kfn_symbols,1
weighted+remat+spectral,corpus:gemm_control,correct,1
weighted+remat+spectral,corpus:gemm_control,run_median_s,21.485208
weighted+remat+spectral,corpus:gemm_control,run_min_s,20.344084
eregalloc-c0,corpus:gemm_control,compile_s,6.526
eregalloc-c0,corpus:gemm_control,obj_bytes,23488
eregalloc-c0,corpus:gemm_control,text_bytes,19867
eregalloc-c0,corpus:gemm_control,insns,4849
eregalloc-c0,corpus:gemm_control,ldr_sp,945
eregalloc-c0,corpus:gemm_control,str_sp,931
eregalloc-c0,corpus:gemm_control,ldp_sp,0
eregalloc-c0,corpus:gemm_control,stp_sp,0
eregalloc-c0,corpus:gemm_control,mov_imm,853
eregalloc-c0,corpus:gemm_control,objects,1
eregalloc-c0,corpus:gemm_control,kfn_insns,155
eregalloc-c0,corpus:gemm_control,kfn_ldr_sp,37
eregalloc-c0,corpus:gemm_control,kfn_str_sp,26
eregalloc-c0,corpus:gemm_control,kfn_ldp_sp,0
eregalloc-c0,corpus:gemm_control,kfn_stp_sp,0
eregalloc-c0,corpus:gemm_control,kfn_mov_imm,32
eregalloc-c0,corpus:gemm_control,kfn_symbols,1
eregalloc-c0,corpus:gemm_control,correct,1
eregalloc-c0,corpus:gemm_control,run_median_s,4.583552
eregalloc-c0,corpus:gemm_control,run_min_s,4.547475
eregalloc-c0+spectral,corpus:gemm_control,compile_s,6.622
eregalloc-c0+spectral,corpus:gemm_control,obj_bytes,23160
eregalloc-c0+spectral,corpus:gemm_control,text_bytes,19543
eregalloc-c0+spectral,corpus:gemm_control,insns,4768
eregalloc-c0+spectral,corpus:gemm_control,ldr_sp,944
eregalloc-c0+spectral,corpus:gemm_control,str_sp,891
eregalloc-c0+spectral,corpus:gemm_control,ldp_sp,0
eregalloc-c0+spectral,corpus:gemm_control,stp_sp,0
eregalloc-c0+spectral,corpus:gemm_control,mov_imm,813
eregalloc-c0+spectral,corpus:gemm_control,objects,1
eregalloc-c0+spectral,corpus:gemm_control,kfn_insns,155
eregalloc-c0+spectral,corpus:gemm_control,kfn_ldr_sp,37
eregalloc-c0+spectral,corpus:gemm_control,kfn_str_sp,26
eregalloc-c0+spectral,corpus:gemm_control,kfn_ldp_sp,0
eregalloc-c0+spectral,corpus:gemm_control,kfn_stp_sp,0
eregalloc-c0+spectral,corpus:gemm_control,kfn_mov_imm,32
eregalloc-c0+spectral,corpus:gemm_control,kfn_symbols,1
eregalloc-c0+spectral,corpus:gemm_control,correct,1
eregalloc-c0+spectral,corpus:gemm_control,run_median_s,4.579633
eregalloc-c0+spectral,corpus:gemm_control,run_min_s,4.548257
eregalloc-c2,corpus:gemm_control,compile_s,6.996
eregalloc-c2,corpus:gemm_control,obj_bytes,23424
eregalloc-c2,corpus:gemm_control,text_bytes,19803
eregalloc-c2,corpus:gemm_control,insns,4833
eregalloc-c2,corpus:gemm_control,ldr_sp,942
eregalloc-c2,corpus:gemm_control,str_sp,927
eregalloc-c2,corpus:gemm_control,ldp_sp,0
eregalloc-c2,corpus:gemm_control,stp_sp,0
eregalloc-c2,corpus:gemm_control,mov_imm,848
eregalloc-c2,corpus:gemm_control,objects,1
eregalloc-c2,corpus:gemm_control,kfn_insns,155
eregalloc-c2,corpus:gemm_control,kfn_ldr_sp,37
eregalloc-c2,corpus:gemm_control,kfn_str_sp,26
eregalloc-c2,corpus:gemm_control,kfn_ldp_sp,0
eregalloc-c2,corpus:gemm_control,kfn_stp_sp,0
eregalloc-c2,corpus:gemm_control,kfn_mov_imm,32
eregalloc-c2,corpus:gemm_control,kfn_symbols,1
eregalloc-c2,corpus:gemm_control,correct,1
eregalloc-c2,corpus:gemm_control,run_median_s,4.557441
eregalloc-c2,corpus:gemm_control,run_min_s,4.516261
eregalloc-c2+spectral,corpus:gemm_control,compile_s,6.966
eregalloc-c2+spectral,corpus:gemm_control,obj_bytes,23096
eregalloc-c2+spectral,corpus:gemm_control,text_bytes,19479
eregalloc-c2+spectral,corpus:gemm_control,insns,4752
eregalloc-c2+spectral,corpus:gemm_control,ldr_sp,941
eregalloc-c2+spectral,corpus:gemm_control,str_sp,887
eregalloc-c2+spectral,corpus:gemm_control,ldp_sp,0
eregalloc-c2+spectral,corpus:gemm_control,stp_sp,0
eregalloc-c2+spectral,corpus:gemm_control,mov_imm,808
eregalloc-c2+spectral,corpus:gemm_control,objects,1
eregalloc-c2+spectral,corpus:gemm_control,kfn_insns,155
eregalloc-c2+spectral,corpus:gemm_control,kfn_ldr_sp,37
eregalloc-c2+spectral,corpus:gemm_control,kfn_str_sp,26
eregalloc-c2+spectral,corpus:gemm_control,kfn_ldp_sp,0
eregalloc-c2+spectral,corpus:gemm_control,kfn_stp_sp,0
eregalloc-c2+spectral,corpus:gemm_control,kfn_mov_imm,32
eregalloc-c2+spectral,corpus:gemm_control,kfn_symbols,1
eregalloc-c2+spectral,corpus:gemm_control,correct,1
eregalloc-c2+spectral,corpus:gemm_control,run_median_s,4.602539
eregalloc-c2+spectral,corpus:gemm_control,run_min_s,4.560241
baseline,corpus:gemm_tiled,compile_s,6.897
baseline,corpus:gemm_tiled,obj_bytes,30320
baseline,corpus:gemm_tiled,text_bytes,26711
baseline,corpus:gemm_tiled,insns,6560
baseline,corpus:gemm_tiled,ldr_sp,1028
baseline,corpus:gemm_tiled,str_sp,1675
baseline,corpus:gemm_tiled,ldp_sp,0
baseline,corpus:gemm_tiled,stp_sp,0
baseline,corpus:gemm_tiled,mov_imm,1613
baseline,corpus:gemm_tiled,objects,1
baseline,corpus:gemm_tiled,kfn_insns,2018
baseline,corpus:gemm_tiled,kfn_ldr_sp,121
baseline,corpus:gemm_tiled,kfn_str_sp,843
baseline,corpus:gemm_tiled,kfn_ldp_sp,0
baseline,corpus:gemm_tiled,kfn_stp_sp,0
baseline,corpus:gemm_tiled,kfn_mov_imm,859
baseline,corpus:gemm_tiled,kfn_symbols,1
baseline,corpus:gemm_tiled,correct,1
baseline,corpus:gemm_tiled,run_median_s,21.268538
baseline,corpus:gemm_tiled,run_min_s,19.080657
weighted,corpus:gemm_tiled,compile_s,6.573
weighted,corpus:gemm_tiled,obj_bytes,31632
weighted,corpus:gemm_tiled,text_bytes,28023
weighted,corpus:gemm_tiled,insns,6888
weighted,corpus:gemm_tiled,ldr_sp,1149
weighted,corpus:gemm_tiled,str_sp,1880
weighted,corpus:gemm_tiled,ldp_sp,0
weighted,corpus:gemm_tiled,stp_sp,0
weighted,corpus:gemm_tiled,mov_imm,1613
weighted,corpus:gemm_tiled,objects,1
weighted,corpus:gemm_tiled,kfn_insns,2277
weighted,corpus:gemm_tiled,kfn_ldr_sp,236
weighted,corpus:gemm_tiled,kfn_str_sp,985
weighted,corpus:gemm_tiled,kfn_ldp_sp,0
weighted,corpus:gemm_tiled,kfn_stp_sp,0
weighted,corpus:gemm_tiled,kfn_mov_imm,859
weighted,corpus:gemm_tiled,kfn_symbols,1
weighted,corpus:gemm_tiled,correct,1
weighted,corpus:gemm_tiled,run_median_s,84.22386
weighted,corpus:gemm_tiled,run_min_s,81.790791
weighted+remat,corpus:gemm_tiled,compile_s,6.912
weighted+remat,corpus:gemm_tiled,obj_bytes,32568
weighted+remat,corpus:gemm_tiled,text_bytes,28959
weighted+remat,corpus:gemm_tiled,insns,7122
weighted+remat,corpus:gemm_tiled,ldr_sp,1070
weighted+remat,corpus:gemm_tiled,str_sp,1974
weighted+remat,corpus:gemm_tiled,ldp_sp,0
weighted+remat,corpus:gemm_tiled,stp_sp,0
weighted+remat,corpus:gemm_tiled,mov_imm,1832
weighted+remat,corpus:gemm_tiled,objects,1
weighted+remat,corpus:gemm_tiled,kfn_insns,2290
weighted+remat,corpus:gemm_tiled,kfn_ldr_sp,197
weighted+remat,corpus:gemm_tiled,kfn_str_sp,991
weighted+remat,corpus:gemm_tiled,kfn_ldp_sp,0
weighted+remat,corpus:gemm_tiled,kfn_stp_sp,0
weighted+remat,corpus:gemm_tiled,kfn_mov_imm,905
weighted+remat,corpus:gemm_tiled,kfn_symbols,1
weighted+remat,corpus:gemm_tiled,correct,1
weighted+remat,corpus:gemm_tiled,run_median_s,85.415242
weighted+remat,corpus:gemm_tiled,run_min_s,83.554262
weighted+remat+spectral,corpus:gemm_tiled,compile_s,6.527
weighted+remat+spectral,corpus:gemm_tiled,obj_bytes,32704
weighted+remat+spectral,corpus:gemm_tiled,text_bytes,29091
weighted+remat+spectral,corpus:gemm_tiled,insns,7155
weighted+remat+spectral,corpus:gemm_tiled,ldr_sp,1087
weighted+remat+spectral,corpus:gemm_tiled,str_sp,1986
weighted+remat+spectral,corpus:gemm_tiled,ldp_sp,0
weighted+remat+spectral,corpus:gemm_tiled,stp_sp,0
weighted+remat+spectral,corpus:gemm_tiled,mov_imm,1836
weighted+remat+spectral,corpus:gemm_tiled,objects,1
weighted+remat+spectral,corpus:gemm_tiled,kfn_insns,2290
weighted+remat+spectral,corpus:gemm_tiled,kfn_ldr_sp,197
weighted+remat+spectral,corpus:gemm_tiled,kfn_str_sp,991
weighted+remat+spectral,corpus:gemm_tiled,kfn_ldp_sp,0
weighted+remat+spectral,corpus:gemm_tiled,kfn_stp_sp,0
weighted+remat+spectral,corpus:gemm_tiled,kfn_mov_imm,905
weighted+remat+spectral,corpus:gemm_tiled,kfn_symbols,1
weighted+remat+spectral,corpus:gemm_tiled,correct,1
weighted+remat+spectral,corpus:gemm_tiled,run_median_s,85.608863
weighted+remat+spectral,corpus:gemm_tiled,run_min_s,83.482231
eregalloc-c0,corpus:gemm_tiled,compile_s,6.834
eregalloc-c0,corpus:gemm_tiled,obj_bytes,30704
eregalloc-c0,corpus:gemm_tiled,text_bytes,27095
eregalloc-c0,corpus:gemm_tiled,insns,6656
eregalloc-c0,corpus:gemm_tiled,ldr_sp,998
eregalloc-c0,corpus:gemm_tiled,str_sp,1731
eregalloc-c0,corpus:gemm_tiled,ldp_sp,0
eregalloc-c0,corpus:gemm_tiled,stp_sp,0
eregalloc-c0,corpus:gemm_tiled,mov_imm,1679
eregalloc-c0,corpus:gemm_tiled,objects,1
eregalloc-c0,corpus:gemm_tiled,kfn_insns,2025
eregalloc-c0,corpus:gemm_tiled,kfn_ldr_sp,121
eregalloc-c0,corpus:gemm_tiled,kfn_str_sp,848
eregalloc-c0,corpus:gemm_tiled,kfn_ldp_sp,0
eregalloc-c0,corpus:gemm_tiled,kfn_stp_sp,0
eregalloc-c0,corpus:gemm_tiled,kfn_mov_imm,861
eregalloc-c0,corpus:gemm_tiled,kfn_symbols,1
eregalloc-c0,corpus:gemm_tiled,correct,1
eregalloc-c0,corpus:gemm_tiled,run_median_s,20.202074
eregalloc-c0,corpus:gemm_tiled,run_min_s,19.868914
eregalloc-c0+spectral,corpus:gemm_tiled,compile_s,7.013
eregalloc-c0+spectral,corpus:gemm_tiled,obj_bytes,30400
eregalloc-c0+spectral,corpus:gemm_tiled,text_bytes,26787
eregalloc-c0+spectral,corpus:gemm_tiled,insns,6579
eregalloc-c0+spectral,corpus:gemm_tiled,ldr_sp,996
eregalloc-c0+spectral,corpus:gemm_tiled,str_sp,1694
eregalloc-c0+spectral,corpus:gemm_tiled,ldp_sp,0
eregalloc-c0+spectral,corpus:gemm_tiled,stp_sp,0
eregalloc-c0+spectral,corpus:gemm_tiled,mov_imm,1641
eregalloc-c0+spectral,corpus:gemm_tiled,objects,1
eregalloc-c0+spectral,corpus:gemm_tiled,kfn_insns,2029
eregalloc-c0+spectral,corpus:gemm_tiled,kfn_ldr_sp,120
eregalloc-c0+spectral,corpus:gemm_tiled,kfn_str_sp,851
eregalloc-c0+spectral,corpus:gemm_tiled,kfn_ldp_sp,0
eregalloc-c0+spectral,corpus:gemm_tiled,kfn_stp_sp,0
eregalloc-c0+spectral,corpus:gemm_tiled,kfn_mov_imm,863
eregalloc-c0+spectral,corpus:gemm_tiled,kfn_symbols,1
eregalloc-c0+spectral,corpus:gemm_tiled,correct,1
eregalloc-c0+spectral,corpus:gemm_tiled,run_median_s,19.429579
eregalloc-c0+spectral,corpus:gemm_tiled,run_min_s,19.417399
eregalloc-c2,corpus:gemm_tiled,compile_s,6.364
eregalloc-c2,corpus:gemm_tiled,obj_bytes,30640
eregalloc-c2,corpus:gemm_tiled,text_bytes,27031
eregalloc-c2,corpus:gemm_tiled,insns,6640
eregalloc-c2,corpus:gemm_tiled,ldr_sp,995
eregalloc-c2,corpus:gemm_tiled,str_sp,1727
eregalloc-c2,corpus:gemm_tiled,ldp_sp,0
eregalloc-c2,corpus:gemm_tiled,stp_sp,0
eregalloc-c2,corpus:gemm_tiled,mov_imm,1674
eregalloc-c2,corpus:gemm_tiled,objects,1
eregalloc-c2,corpus:gemm_tiled,kfn_insns,2025
eregalloc-c2,corpus:gemm_tiled,kfn_ldr_sp,121
eregalloc-c2,corpus:gemm_tiled,kfn_str_sp,848
eregalloc-c2,corpus:gemm_tiled,kfn_ldp_sp,0
eregalloc-c2,corpus:gemm_tiled,kfn_stp_sp,0
eregalloc-c2,corpus:gemm_tiled,kfn_mov_imm,861
eregalloc-c2,corpus:gemm_tiled,kfn_symbols,1
eregalloc-c2,corpus:gemm_tiled,correct,1
eregalloc-c2,corpus:gemm_tiled,run_median_s,19.374468
eregalloc-c2,corpus:gemm_tiled,run_min_s,19.301871
eregalloc-c2+spectral,corpus:gemm_tiled,compile_s,6.314
eregalloc-c2+spectral,corpus:gemm_tiled,obj_bytes,30336
eregalloc-c2+spectral,corpus:gemm_tiled,text_bytes,26723
eregalloc-c2+spectral,corpus:gemm_tiled,insns,6563
eregalloc-c2+spectral,corpus:gemm_tiled,ldr_sp,993
eregalloc-c2+spectral,corpus:gemm_tiled,str_sp,1690
eregalloc-c2+spectral,corpus:gemm_tiled,ldp_sp,0
eregalloc-c2+spectral,corpus:gemm_tiled,stp_sp,0
eregalloc-c2+spectral,corpus:gemm_tiled,mov_imm,1636
eregalloc-c2+spectral,corpus:gemm_tiled,objects,1
eregalloc-c2+spectral,corpus:gemm_tiled,kfn_insns,2029
eregalloc-c2+spectral,corpus:gemm_tiled,kfn_ldr_sp,120
eregalloc-c2+spectral,corpus:gemm_tiled,kfn_str_sp,851
eregalloc-c2+spectral,corpus:gemm_tiled,kfn_ldp_sp,0
eregalloc-c2+spectral,corpus:gemm_tiled,kfn_stp_sp,0
eregalloc-c2+spectral,corpus:gemm_tiled,kfn_mov_imm,863
eregalloc-c2+spectral,corpus:gemm_tiled,kfn_symbols,1
eregalloc-c2+spectral,corpus:gemm_tiled,correct,1
eregalloc-c2+spectral,corpus:gemm_tiled,run_median_s,19.422982
eregalloc-c2+spectral,corpus:gemm_tiled,run_min_s,19.412744
baseline,corpus:histogram,compile_s,6.182
baseline,corpus:histogram,obj_bytes,25016
baseline,corpus:histogram,text_bytes,21431
baseline,corpus:histogram,insns,5240
baseline,corpus:histogram,ldr_sp,938
baseline,corpus:histogram,str_sp,1109
baseline,corpus:histogram,ldp_sp,0
baseline,corpus:histogram,stp_sp,0
baseline,corpus:histogram,mov_imm,1057
baseline,corpus:histogram,objects,1
baseline,corpus:histogram,kfn_insns,226
baseline,corpus:histogram,kfn_ldr_sp,45
baseline,corpus:histogram,kfn_str_sp,29
baseline,corpus:histogram,kfn_ldp_sp,0
baseline,corpus:histogram,kfn_stp_sp,0
baseline,corpus:histogram,kfn_mov_imm,54
baseline,corpus:histogram,kfn_symbols,1
baseline,corpus:histogram,correct,1
baseline,corpus:histogram,run_median_s,4.955482
baseline,corpus:histogram,run_min_s,4.454142
weighted,corpus:histogram,compile_s,6.397
weighted,corpus:histogram,obj_bytes,25768
weighted,corpus:histogram,text_bytes,22179
weighted,corpus:histogram,insns,5427
weighted,corpus:histogram,ldr_sp,1000
weighted,corpus:histogram,str_sp,1234
weighted,corpus:histogram,ldp_sp,0
weighted,corpus:histogram,stp_sp,0
weighted,corpus:histogram,mov_imm,1057
weighted,corpus:histogram,objects,1
weighted,corpus:histogram,kfn_insns,356
weighted,corpus:histogram,kfn_ldr_sp,105
weighted,corpus:histogram,kfn_str_sp,99
weighted,corpus:histogram,kfn_ldp_sp,0
weighted,corpus:histogram,kfn_stp_sp,0
weighted,corpus:histogram,kfn_mov_imm,54
weighted,corpus:histogram,kfn_symbols,1
weighted,corpus:histogram,correct,1
weighted,corpus:histogram,run_median_s,16.878865
weighted,corpus:histogram,run_min_s,16.542251
weighted+remat,corpus:histogram,compile_s,6.169
weighted+remat,corpus:histogram,obj_bytes,26680
weighted+remat,corpus:histogram,text_bytes,23091
weighted+remat,corpus:histogram,insns,5655
weighted+remat,corpus:histogram,ldr_sp,942
weighted+remat,corpus:histogram,str_sp,1324
weighted+remat,corpus:histogram,ldp_sp,0
weighted+remat,corpus:histogram,stp_sp,0
weighted+remat,corpus:histogram,mov_imm,1253
weighted+remat,corpus:histogram,objects,1
weighted+remat,corpus:histogram,kfn_insns,361
weighted+remat,corpus:histogram,kfn_ldr_sp,85
weighted+remat,corpus:histogram,kfn_str_sp,101
weighted+remat,corpus:histogram,kfn_ldp_sp,0
weighted+remat,corpus:histogram,kfn_stp_sp,0
weighted+remat,corpus:histogram,kfn_mov_imm,77
weighted+remat,corpus:histogram,kfn_symbols,1
weighted+remat,corpus:histogram,correct,1
weighted+remat,corpus:histogram,run_median_s,17.283079
weighted+remat,corpus:histogram,run_min_s,16.839584
weighted+remat+spectral,corpus:histogram,compile_s,6.239
weighted+remat+spectral,corpus:histogram,obj_bytes,26808
weighted+remat+spectral,corpus:histogram,text_bytes,23223
weighted+remat+spectral,corpus:histogram,insns,5688
weighted+remat+spectral,corpus:histogram,ldr_sp,960
weighted+remat+spectral,corpus:histogram,str_sp,1335
weighted+remat+spectral,corpus:histogram,ldp_sp,0
weighted+remat+spectral,corpus:histogram,stp_sp,0
weighted+remat+spectral,corpus:histogram,mov_imm,1257
weighted+remat+spectral,corpus:histogram,objects,1
weighted+remat+spectral,corpus:histogram,kfn_insns,361
weighted+remat+spectral,corpus:histogram,kfn_ldr_sp,86
weighted+remat+spectral,corpus:histogram,kfn_str_sp,100
weighted+remat+spectral,corpus:histogram,kfn_ldp_sp,0
weighted+remat+spectral,corpus:histogram,kfn_stp_sp,0
weighted+remat+spectral,corpus:histogram,kfn_mov_imm,77
weighted+remat+spectral,corpus:histogram,kfn_symbols,1
weighted+remat+spectral,corpus:histogram,correct,1
weighted+remat+spectral,corpus:histogram,run_median_s,17.131756
weighted+remat+spectral,corpus:histogram,run_min_s,16.84914
eregalloc-c0,corpus:histogram,compile_s,7.994
eregalloc-c0,corpus:histogram,obj_bytes,25392
eregalloc-c0,corpus:histogram,text_bytes,21807
eregalloc-c0,corpus:histogram,insns,5334
eregalloc-c0,corpus:histogram,ldr_sp,911
eregalloc-c0,corpus:histogram,str_sp,1160
eregalloc-c0,corpus:histogram,ldp_sp,0
eregalloc-c0,corpus:histogram,stp_sp,0
eregalloc-c0,corpus:histogram,mov_imm,1123
eregalloc-c0,corpus:histogram,objects,1
eregalloc-c0,corpus:histogram,kfn_insns,233
eregalloc-c0,corpus:histogram,kfn_ldr_sp,48
eregalloc-c0,corpus:histogram,kfn_str_sp,33
eregalloc-c0,corpus:histogram,kfn_ldp_sp,0
eregalloc-c0,corpus:histogram,kfn_stp_sp,0
eregalloc-c0,corpus:histogram,kfn_mov_imm,54
eregalloc-c0,corpus:histogram,kfn_symbols,1
eregalloc-c0,corpus:histogram,correct,1
eregalloc-c0,corpus:histogram,run_median_s,4.90585
eregalloc-c0,corpus:histogram,run_min_s,4.835357
eregalloc-c0+spectral,corpus:histogram,compile_s,6.303
eregalloc-c0+spectral,corpus:histogram,obj_bytes,25080
eregalloc-c0+spectral,corpus:histogram,text_bytes,21491
eregalloc-c0+spectral,corpus:histogram,insns,5255
eregalloc-c0+spectral,corpus:histogram,ldr_sp,910
eregalloc-c0+spectral,corpus:histogram,str_sp,1121
eregalloc-c0+spectral,corpus:histogram,ldp_sp,0
eregalloc-c0+spectral,corpus:histogram,stp_sp,0
eregalloc-c0+spectral,corpus:histogram,mov_imm,1084
eregalloc-c0+spectral,corpus:histogram,objects,1
eregalloc-c0+spectral,corpus:histogram,kfn_insns,235
eregalloc-c0+spectral,corpus:histogram,kfn_ldr_sp,48
eregalloc-c0+spectral,corpus:histogram,kfn_str_sp,34
eregalloc-c0+spectral,corpus:histogram,kfn_ldp_sp,0
eregalloc-c0+spectral,corpus:histogram,kfn_stp_sp,0
eregalloc-c0+spectral,corpus:histogram,kfn_mov_imm,55
eregalloc-c0+spectral,corpus:histogram,kfn_symbols,1
eregalloc-c0+spectral,corpus:histogram,correct,1
eregalloc-c0+spectral,corpus:histogram,run_median_s,4.899043
eregalloc-c0+spectral,corpus:histogram,run_min_s,3.994311
eregalloc-c2,corpus:histogram,compile_s,6.601
eregalloc-c2,corpus:histogram,obj_bytes,25320
eregalloc-c2,corpus:histogram,text_bytes,21735
eregalloc-c2,corpus:histogram,insns,5316
eregalloc-c2,corpus:histogram,ldr_sp,908
eregalloc-c2,corpus:histogram,str_sp,1156
eregalloc-c2,corpus:histogram,ldp_sp,0
eregalloc-c2,corpus:histogram,stp_sp,0
eregalloc-c2,corpus:histogram,mov_imm,1116
eregalloc-c2,corpus:histogram,objects,1
eregalloc-c2,corpus:histogram,kfn_insns,233
eregalloc-c2,corpus:histogram,kfn_ldr_sp,48
eregalloc-c2,corpus:histogram,kfn_str_sp,33
eregalloc-c2,corpus:histogram,kfn_ldp_sp,0
eregalloc-c2,corpus:histogram,kfn_stp_sp,0
eregalloc-c2,corpus:histogram,kfn_mov_imm,54
eregalloc-c2,corpus:histogram,kfn_symbols,1
eregalloc-c2,corpus:histogram,correct,1
eregalloc-c2,corpus:histogram,run_median_s,4.905614
eregalloc-c2,corpus:histogram,run_min_s,4.853234
eregalloc-c2+spectral,corpus:histogram,compile_s,6.675
eregalloc-c2+spectral,corpus:histogram,obj_bytes,25008
eregalloc-c2+spectral,corpus:histogram,text_bytes,21419
eregalloc-c2+spectral,corpus:histogram,insns,5237
eregalloc-c2+spectral,corpus:histogram,ldr_sp,907
eregalloc-c2+spectral,corpus:histogram,str_sp,1117
eregalloc-c2+spectral,corpus:histogram,ldp_sp,0
eregalloc-c2+spectral,corpus:histogram,stp_sp,0
eregalloc-c2+spectral,corpus:histogram,mov_imm,1077
eregalloc-c2+spectral,corpus:histogram,objects,1
eregalloc-c2+spectral,corpus:histogram,kfn_insns,235
eregalloc-c2+spectral,corpus:histogram,kfn_ldr_sp,48
eregalloc-c2+spectral,corpus:histogram,kfn_str_sp,34
eregalloc-c2+spectral,corpus:histogram,kfn_ldp_sp,0
eregalloc-c2+spectral,corpus:histogram,kfn_stp_sp,0
eregalloc-c2+spectral,corpus:histogram,kfn_mov_imm,55
eregalloc-c2+spectral,corpus:histogram,kfn_symbols,1
eregalloc-c2+spectral,corpus:histogram,correct,1
eregalloc-c2+spectral,corpus:histogram,run_median_s,4.903991
eregalloc-c2+spectral,corpus:histogram,run_min_s,4.846576
baseline,corpus:jacobi_2d,compile_s,6.3
baseline,corpus:jacobi_2d,obj_bytes,22704
baseline,corpus:jacobi_2d,text_bytes,19119
baseline,corpus:jacobi_2d,insns,4662
baseline,corpus:jacobi_2d,ldr_sp,922
baseline,corpus:jacobi_2d,str_sp,831
baseline,corpus:jacobi_2d,ldp_sp,0
baseline,corpus:jacobi_2d,stp_sp,0
baseline,corpus:jacobi_2d,mov_imm,798
baseline,corpus:jacobi_2d,objects,1
baseline,corpus:jacobi_2d,kfn_insns,186
baseline,corpus:jacobi_2d,kfn_ldr_sp,35
baseline,corpus:jacobi_2d,kfn_str_sp,13
baseline,corpus:jacobi_2d,kfn_ldp_sp,0
baseline,corpus:jacobi_2d,kfn_stp_sp,0
baseline,corpus:jacobi_2d,kfn_mov_imm,56
baseline,corpus:jacobi_2d,kfn_symbols,1
baseline,corpus:jacobi_2d,correct,1
baseline,corpus:jacobi_2d,run_median_s,2.620557
baseline,corpus:jacobi_2d,run_min_s,2.550278
weighted,corpus:jacobi_2d,compile_s,6.172
weighted,corpus:jacobi_2d,obj_bytes,23704
weighted,corpus:jacobi_2d,text_bytes,20115
weighted,corpus:jacobi_2d,insns,4911
weighted,corpus:jacobi_2d,ldr_sp,1010
weighted,corpus:jacobi_2d,str_sp,992
weighted,corpus:jacobi_2d,ldp_sp,0
weighted,corpus:jacobi_2d,stp_sp,0
weighted,corpus:jacobi_2d,mov_imm,798
weighted,corpus:jacobi_2d,objects,1
weighted,corpus:jacobi_2d,kfn_insns,378
weighted,corpus:jacobi_2d,kfn_ldr_sp,121
weighted,corpus:jacobi_2d,kfn_str_sp,119
weighted,corpus:jacobi_2d,kfn_ldp_sp,0
weighted,corpus:jacobi_2d,kfn_stp_sp,0
weighted,corpus:jacobi_2d,kfn_mov_imm,56
weighted,corpus:jacobi_2d,kfn_symbols,1
weighted,corpus:jacobi_2d,correct,1
